Workbook

Sheet Les meg
B1: Nøkkeltalsanalyse jordbruk – produksjonsvis oppsett
B3: Føremål | C3: Arbeidsboka deler jordbruksanalysen opp i éin fane per produksjon (korn, silofôr, høy, potet, agurk, tomat, frilandsgrønsaker, gulrot, kålrot, mjølk, oksar, mellomkalv, ammekyr, smågris, purkering, slaktegris, sau, geit, egg og slaktekylling) pluss fellesark for grovfôr, faste kostnader og totaløkonomi. Oppsettet byggjer på den vedlagde analysen «Analyse 2025» (Duett-import) og kontoplanen frå Tripletex.
B5: Oppbygging av kvar fane | C5: 1. INPUT – produksjonsdata → 2. INPUT – rekneskapstal (kr) → 3. fordelte faste kostnader (lenkje) → 4. UTREKNING totalt → 5. OUTPUT per eining → 6. OUTPUT nøkkeltal. Kolonne E forklarar kvar formel i ord med cellereferansar, kolonne F viser sjølve Excel-formelen.
B7: Fargekodar | C7: Blå tal på gul botn = input som skal fyllast inn. Svart = formel. Grøn = lenkje frå eit anna ark. Nøkkeltal er utheva.
B9: Forteikn | C9: Alle inntekter og kostnader blir lagt inn som positive kronebeløp. Beholdningsendring buskap/ferdigvarer: + = auke i lager (inntekt). «Endring eigenprodusert grovfôr» følgjer kostnadsforteikn: + = nedgang i lager (kostnad).
B11: Med i totalen | C11: På fana «Oversikt» set du J/N for kvar produksjon. Berre produksjonar med J blir tekne med i Grovfôr og Totaløkonomi. Eksempeltala for silofôr, ammekyr og sau, grovfôrareal og faste kostnader er henta frå vedlagt analyse 2025, så nøkkeltala kan kontrollerast mot den (t.d. DB pr vf. sau u/tilskot = 315 kr). Dei andre produksjonane har fiktive, realistiske eksempeltal og står som N.
B13: Analysegrupper | C13: Eksempelanalysen har eigne ark for Mjølk <80 % / 80–120 % / >120 % påsett, Ammekyr <50 % / >50 % og Smågris / Gris kombinert. Her ligg dette som nøkkeltalet «Analysegruppe» på kvar fane, rekna ut frå påsett- eller framfôringsprosenten.
B15: Grovfôr | C15: Fana «Grovfôr» reknar korrigert grovfôrareal (overflatedyrka/1,25 + fulldyrka + kulturbeite/2,5), «kueiningar», variabel grovfôrkostnad pr dekar og maskinkostnad pr dekar. DB pr dekar grovfôr på kvar husdyrfane fordeler arealet etter produksjonen sin del av eigen grovfôrkostnad – same metode som eksempelanalysen.
B17: Kopling til Tripletex | C17: Fana «Kontokopling» viser kva Tripletex-kontoar (jordbrukskontoplanen i Tripletex) som blir summert til kvar post, og kva produksjon ein konto høyrer til. Same kopling blir brukt i HTML-appen (app/analyse.html).
B19: Kueiningar og vekter | C19: Vektene for «kueiningar» følgjer eksempelanalysen: mjølk/oksar: kyr = 1, ungdyr over 12 md = 1/4, under 12 md = 1/8; ammekyr: ungdyr over 12 md = 1/3, under 12 md = 1/4; sau: sum dyretal / 6; geit: sum vaksne geiter / 7. Alle snitt av 1.1. og 31.12.
B21: Ikkje med | C21: Marginalanalysane i eksempelfila (Mjølk marginal, Okse marginal, Ammekyr marginal, Marginal sau/geit) krev tilskotssatsar og er ikkje bygde om her.
B23: Faner
B24: Faste kostnader | C24: Maskin-, bygnings- og andre faste kostnader. Maskinkostnader og innandørsmekanisering blir fordelt på produksjonane.
B25: Grovfôr | C25: Felles grovfôrgrunnlag for mjølk, oksar, mellomkalv, ammekyr, sau og geit.
B26: Totaløkonomi | C26: Summerer dekningsbidraget frå alle produksjonar som er med, trekkjer frå faste kostnader og avstemmer mot skattemessig resultat.
B27: Korn | C27: Korn til modning (driftsgrein 1100–1190).
B28: Silofor | C28: Areal der graset blir selt som silofôr/rundballar (driftsgrein 1522–1523). Eksempeltal frå vedlagt analyse 2025.
B29: Høy | C29: Areal der graset blir selt som høy (driftsgrein 1510–1513).
B30: Potet | C30: Matpotet og settepotet (driftsgrein 2100–2130).
B31: Agurk | C31: Veksthusagurk (driftsgrein 3300–3330). Nøkkeltal pr m².
B32: Tomat | C32: Veksthustomat (driftsgrein 3400–3490). Nøkkeltal pr m².
B33: Frilandsgrønsak | C33: Frilandsgrønsaker utanom gulrot og kålrot.
B34: Gulrot | C34: Gulrot (driftsgrein 2500–2590).
B35: Kålrot | C35: Kålrot (driftsgrein 2280–2282).
... B46: Slaktekylling | C46: Slaktekylling (driftsgrein 6510–6511).

Sheet Oversikt
A1: Oversikt over alle produksjonar
A2: Summert frå kvar produksjonsfane. Set J i kolonne B for produksjonar som skal vere med i grovfôr- og totaløkonomien.
A3: Fargekodar: blå tal på gul botn = input (skal fyllast inn) · svart = formel · grøn = lenkje frå anna ark. Alle kronebeløp er positive (inntekt og kostnad).
A6: Produksjon | B6: Med i totalen (J/N) | C6: Eining | D6: Tal einingar | E6: Produksjons- inntekter | F6: Variable kostnader | G6: DB u/tilskot | H6: Tilskot | I6: DB m/tilskot | J6: DB u/tilskot pr eining | K6: DB m/tilskot pr eining | L6: DB m/tilskot etter maskin og innandørsmek.
A7: Korn | B7: N | C7: dekar | D7: =Korn!C7 | E7: =Korn!C24 | F7: =Korn!C25 | G7: =Korn!C26 | H7: =Korn!C11 | I7: =Korn!C27 | J7: =IF(Korn!C7=0,0,Korn!C26/Korn!C7) | K7: =IF(Korn!C7=0,0,Korn!C27/Korn!C7) | L7: =Korn!C28
A8: Silofor | B8: J | C8: dekar | D8: =Silofor!C7 | E8: =Silofor!C25 | F8: =Silofor!C26 | G8: =Silofor!C27 | H8: =Silofor!C13 | I8: =Silofor!C28 | J8: =IF(Silofor!C7=0,0,Silofor!C27/Silofor!C7) | K8: =IF(Silofor!C7=0,0,Silofor!C28/Silofor!C7) | L8: =Silofor!C29
A9: Høy | B9: N | C9: dekar | D9: ='Høy'!C7 | E9: ='Høy'!C23 | F9: ='Høy'!C24 | G9: ='Høy'!C25 | H9: ='Høy'!C11 | I9: ='Høy'!C26 | J9: =IF('Høy'!C7=0,0,'Høy'!C25/'Høy'!C7) | K9: =IF('Høy'!C7=0,0,'Høy'!C26/'Høy'!C7) | L9: ='Høy'!C27
A10: Potet | B10: N | C10: dekar | D10: =Potet!C7 | E10: =Potet!C24 | F10: =Potet!C25 | G10: =Potet!C26 | H10: =Potet!C11 | I10: =Potet!C27 | J10: =IF(Potet!C7=0,0,Potet!C26/Potet!C7) | K10: =IF(Potet!C7=0,0,Potet!C27/Potet!C7) | L10: =Potet!C28
A11: Agurk | B11: N | C11: m² | D11: =Agurk!C7 | E11: =Agurk!C25 | F11: =Agurk!C26 | G11: =Agurk!C27 | H11: =Agurk!C11 | I11: =Agurk!C28 | J11: =IF(Agurk!C7=0,0,Agurk!C27/Agurk!C7) | K11: =IF(Agurk!C7=0,0,Agurk!C28/Agurk!C7) | L11: =Agurk!C29
A12: Tomat | B12: N | C12: m² | D12: =Tomat!C7 | E12: =Tomat!C25 | F12: =Tomat!C26 | G12: =Tomat!C27 | H12: =Tomat!C11 | I12: =Tomat!C28 | J12: =IF(Tomat!C7=0,0,Tomat!C27/Tomat!C7) | K12: =IF(Tomat!C7=0,0,Tomat!C28/Tomat!C7) | L12: =Tomat!C29
A13: Frilandsgrønsak | B13: N | C13: dekar | D13: ='Frilandsgrønsak'!C7 | E13: ='Frilandsgrønsak'!C24 | F13: ='Frilandsgrønsak'!C25 | G13: ='Frilandsgrønsak'!C26 | H13: ='Frilandsgrønsak'!C11 | I13: ='Frilandsgrønsak'!C27 | J13: =IF('Frilandsgrønsak'!C7=0,0,'Frilandsgrønsak'!C26/'Frilandsgrønsak'!C7) | K13: =IF('Frilandsgrønsak'!C7=0,0,'Frilandsgrønsak'!C27/'Frilandsgrønsak'!C7) | L13: ='Frilandsgrønsak'!C28
A14: Gulrot | B14: N | C14: dekar | D14: =Gulrot!C7 | E14: =Gulrot!C24 | F14: =Gulrot!C25 | G14: =Gulrot!C26 | H14: =Gulrot!C11 | I14: =Gulrot!C27 | J14: =IF(Gulrot!C7=0,0,Gulrot!C26/Gulrot!C7) | K14: =IF(Gulrot!C7=0,0,Gulrot!C27/Gulrot!C7) | L14: =Gulrot!C28
A15: Kålrot | B15: N | C15: dekar | D15: ='Kålrot'!C7 | E15: ='Kålrot'!C24 | F15: ='Kålrot'!C25 | G15: ='Kålrot'!C26 | H15: ='Kålrot'!C11 | I15: ='Kålrot'!C27 | J15: =IF('Kålrot'!C7=0,0,'Kålrot'!C26/'Kålrot'!C7) | K15: =IF('Kålrot'!C7=0,0,'Kålrot'!C27/'Kålrot'!C7) | L15: ='Kålrot'!C28
A16: Mjølk | B16: N | C16: årskyr | D16: ='Mjølk'!C7 | E16: ='Mjølk'!C50 | F16: ='Mjølk'!C55 | G16: ='Mjølk'!C56 | H16: ='Mjølk'!C21 | I16: ='Mjølk'!C57 | J16: =IF('Mjølk'!C7=0,0,'Mjølk'!C56/'Mjølk'!C7) | K16: =IF('Mjølk'!C7=0,0,'Mjølk'!C57/'Mjølk'!C7) | L16: ='Mjølk'!C58
A17: Oksar | B17: N | C17: oksar | D17: =Oksar!C7 | E17: =Oksar!C47 | F17: =Oksar!C52 | G17: =Oksar!C53 | H17: =Oksar!C20 | I17: =Oksar!C54 | J17: =IF(Oksar!C7=0,0,Oksar!C53/Oksar!C7) | K17: =IF(Oksar!C7=0,0,Oksar!C54/Oksar!C7) | L17: =Oksar!C55
A18: Mellomkalv | B18: N | C18: kalvar | D18: =Mellomkalv!C7 | E18: =Mellomkalv!C47 | F18: =Mellomkalv!C52 | G18: =Mellomkalv!C53 | H18: =Mellomkalv!C20 | I18: =Mellomkalv!C54 | J18: =IF(Mellomkalv!C7=0,0,Mellomkalv!C53/Mellomkalv!C7) | K18: =IF(Mellomkalv!C7=0,0,Mellomkalv!C54/Mellomkalv!C7) | L18: =Mellomkalv!C55
A19: Ammekyr | B19: J | C19: ammekyr | D19: =Ammekyr!C7 | E19: =Ammekyr!C52 | F19: =Ammekyr!C57 | G19: =Ammekyr!C58 | H19: =Ammekyr!C25 | I19: =Ammekyr!C59 | J19: =IF(Ammekyr!C7=0,0,Ammekyr!C58/Ammekyr!C7) | K19: =IF(Ammekyr!C7=0,0,Ammekyr!C59/Ammekyr!C7) | L19: =Ammekyr!C60
A20: Smågris | B20: N | C20: årspurker | D20: ='Smågris'!C7 | E20: ='Smågris'!C32 | F20: ='Smågris'!C33 | G20: ='Smågris'!C34 | H20: ='Smågris'!C17 | I20: ='Smågris'!C35 | J20: =IF('Smågris'!C7=0,0,'Smågris'!C34/'Smågris'!C7) | K20: =IF('Smågris'!C7=0,0,'Smågris'!C35/'Smågris'!C7) | L20: ='Smågris'!C36
A21: Purkering | B21: N | C21: årspurker | D21: =Purkering!C7 | E21: =Purkering!C33 | F21: =Purkering!C34 | G21: =Purkering!C35 | H21: =Purkering!C17 | I21: =Purkering!C36 | J21: =IF(Purkering!C7=0,0,Purkering!C35/Purkering!C7) | K21: =IF(Purkering!C7=0,0,Purkering!C36/Purkering!C7) | L21: =Purkering!C37
A22: Slaktegris | B22: N | C22: slaktegris | D22: =Slaktegris!C7 | E22: =Slaktegris!C29 | F22: =Slaktegris!C30 | G22: =Slaktegris!C31 | H22: =Slaktegris!C16 | I22: =Slaktegris!C32 | J22: =IF(Slaktegris!C7=0,0,Slaktegris!C31/Slaktegris!C7) | K22: =IF(Slaktegris!C7=0,0,Slaktegris!C32/Slaktegris!C7) | L22: =Slaktegris!C33
A23: Sau | B23: J | C23: vf. sau | D23: =Sau!C7 | E23: =Sau!C58 | F23: =Sau!C63 | G23: =Sau!C64 | H23: =Sau!C29 | I23: =Sau!C65 | J23: =IF(Sau!C7=0,0,Sau!C64/Sau!C7) | K23: =IF(Sau!C7=0,0,Sau!C65/Sau!C7) | L23: =Sau!C66
A24: Geit | B24: N | C24: geiter | D24: =Geit!C7 | E24: =Geit!C46 | F24: =Geit!C51 | G24: =Geit!C52 | H24: =Geit!C18 | I24: =Geit!C53 | J24: =IF(Geit!C7=0,0,Geit!C52/Geit!C7) | K24: =IF(Geit!C7=0,0,Geit!C53/Geit!C7) | L24: =Geit!C54
A25: Egg | B25: N | C25: høner | D25: =Egg!C7 | E25: =Egg!C24 | F25: =Egg!C25 | G25: =Egg!C26 | H25: =Egg!C11 | I25: =Egg!C27 | J25: =IF(Egg!C7=0,0,Egg!C26/Egg!C7) | K25: =IF(Egg!C7=0,0,Egg!C27/Egg!C7) | L25: =Egg!C28
A26: Slaktekylling | B26: N | C26: kyllingar | D26: =Slaktekylling!C7 | E26: =Slaktekylling!C29 | F26: =Slaktekylling!C30 | G26: =Slaktekylling!C31 | H26: =Slaktekylling!C16 | I26: =Slaktekylling!C32 | J26: =IF(Slaktekylling!C7=0,0,Slaktekylling!C31/Slaktekylling!C7) | K26: =IF(Slaktekylling!C7=0,0,Slaktekylling!C32/Slaktekylling!C7) | L26: =Slaktekylling!C33
A27: Sum produksjonar med J | E27: =SUMIF($B$7:$B$26,"J",E7:E26) | F27: =SUMIF($B$7:$B$26,"J",F7:F26) | G27: =SUMIF($B$7:$B$26,"J",G7:G26) | H27: =SUMIF($B$7:$B$26,"J",H7:H26) | I27: =SUMIF($B$7:$B$26,"J",I7:I26) | L27: =SUMIF($B$7:$B$26,"J",L7:L26)
A29: Kontroll: Sum DB m/tilskot skal vere lik «Sum DB med tilskot» på Totaløkonomi:
A30: Avvik | I30: =I27-'Totaløkonomi'!C11

Sheet Totaløkonomi
A1: Totaløkonomi
A2: Summerer dekningsbidraget frå alle produksjonar som er med, trekkjer frå faste kostnader og avstemmer mot skattemessig resultat.
A3: Fargekodar: blå tal på gul botn = input (skal fyllast inn) · svart = formel · grøn = lenkje frå anna ark. Alle kronebeløp er positive (inntekt og kostnad).
A5: Post | B5: Kjelde / Tripletex-konto | C5: Verdi | D5: Eining | E5: Formel forklart (korleis outputen blir rekna) | F5: Excel-formel
A6: 1. UTREKNING – Dekningsbidrag frå produksjonane (berre produksjonar med i totalen)
A7: Sum produksjonsinntekter | B7: Utrekna | C7: =Korn!C24*IF(Oversikt!$B$7="J",1,0)+Silofor!C25*IF(Oversikt!$B$8="J",1,0)+'Høy'!C23*IF(Oversikt!$B$9="J",1,0)+Potet!C24*IF(Oversikt!$B$10="J",1,0)+Agurk!C25*IF(Oversikt!$B$11="J",1,0)+Tomat!C25*IF(Oversikt!$B$12="J",1,0)+'Frilandsgrønsak'!C24*IF(Oversikt!$B$13="J",1,0)+Gulrot!C24*IF(Oversikt!$B$14="J",1,0)+'Kålrot'!C24*IF(Oversikt!$B$15="J",1,0)+'Mjølk'!C50*IF(Oversikt!$B$16="J",1,0)+Oksar!C47*IF(Oversikt!$B$17="J",1,0)+Mellomkalv!C47*IF(Oversikt!$B$18="J",1,0)+Ammekyr!C52*IF(Oversikt!$B$19="J",1,0)+'Smågris'!C32*IF(Oversikt!$B$20="J",1,0)+Purkering!C33*IF(Oversikt!$B$21="J",1,0)+Slaktegris!C29*IF(Oversikt!$B$22="J",1,0)+Sau!C58*IF(Oversikt!$B$23="J",1,0)+Geit!C46*IF(Oversikt!$B$24="J",1,0)+Egg!C24*IF(Oversikt!$B$25="J",1,0)+Slaktekylling!C29*IF(Oversikt!$B$26="J",1,0) | D7: kr | E7: Sum produksjonsinntekter = Produksjonsinntekter i alt [Korn!C24] × Med i totalen Korn [Oversikt!B7 → 1/0] + Produksjonsinntekter i alt [Silofor!C25] × Med i totalen Silofor [Oversikt!B8 → 1/0] + Produksjonsinntekter i alt [Høy!C23] × Med i totalen Høy [Oversikt!B9 → 1/0] + Produksjonsinntekter i alt [Potet!C24] × Med i totalen Potet [Oversikt!B10 → 1/0] + Produksjonsinntekter i alt [Agurk!C25] × Med i totalen Agurk [Oversikt!B11 → 1/0] + Produksjonsinntekter i alt [Tomat!C25] × Med i totalen Tomat [Oversikt!B12 → 1/0] + Produksjonsinntekter i alt [Frilandsgrønsak!C24] × Med i totalen Frilandsgrønsak [Oversikt!B13 → 1/0] + Produksjonsinntekter i alt [Gulrot!C24] × Med i totalen Gulrot [Oversikt!B14 → 1/0] + Produksjonsinntekter i alt [Kålrot!C24] × Med i totalen Kålrot [Oversikt!B15 → 1/0] + Produksjonsinntekter i alt [Mjølk!C50] × Med i totalen Mjølk [Oversikt!B16 → 1/0] + Produksjonsinntekter i alt [Oksar!C47] × Med i totalen Oksar [Oversikt!B17 → 1/0] + Produksjonsinntekter i alt [Mellomkalv!C47] × Med i totalen Mellomkalv [Oversikt!B18 → 1/0] + Produksjonsinntekter i alt [Ammekyr!C52] × Med i totalen Ammekyr [Oversikt!B19 → 1/0] + Produksjonsinntekter i alt [Smågris!C32] × Med i totalen Smågris [Oversikt!B20 → 1/0] + Produksjonsinntekter i alt [Purkering!C33] × Med i totalen Purkering [Oversikt!B21 → 1/0] + Produksjonsinntekter i alt [Slaktegris!C29] × Med i totalen Slaktegris [Oversikt!B22 → 1/0] + Produksjonsinntekter i alt [Sau!C58] × Med i totalen Sau [Oversikt!B23 → 1/0] + Produksjonsinntekter i alt [Geit!C46] × Med i totalen Geit [Oversikt!B24 → 1/0] + Produksjonsinntekter i alt [Egg!C24] × Med i totalen Egg [Oversikt!B25 → 1/0] + Produksjonsinntekter i alt [Slaktekylling!C29] × Med i totalen Slaktekylling [Oversikt!B26 → 1/0] | F7: =Korn!C24*IF(Oversikt!$B$7="J",1,0)+Silofor!C25*IF(Oversikt!$B$8="J",1,0)+'Høy'!C23*IF(Oversikt!$B$9="J",1,0)+Potet!C24*IF(Oversikt!$B$10="J",1,0)+Agurk!C25*IF(Oversikt!$B$11="J",1,0)+Tomat!C25*IF(Oversikt!$B$12="J",1,0)+'Frilandsgrønsak'!C24*IF(Oversikt!$B$13="J",1,0)+Gulrot!C24*IF(Oversikt!$B$14="J",1,0)+'Kålrot'!C24*IF(Oversikt!$B$15="J",1,0)+'Mjølk'!C50*IF(Oversikt!$B$16="J",1,0)+Oksar!C47*IF(Oversikt!$B$17="J",1,0)+Mellomkalv!C47*IF(Oversikt!$B$18="J",1,0)+Ammekyr!C52*IF(Oversikt!$B$19="J",1,0)+'Smågris'!C32*IF(Oversikt!$B$20="J",1,0)+Purkering!C33*IF(Oversikt!$B$21="J",1,0)+Slaktegris!C29*IF(Oversikt!$B$22="J",1,0)+Sau!C58*IF(Oversikt!$B$23="J",1,0)+Geit!C46*IF(Oversikt!$B$24="J",1,0)+Egg!C24*IF(Oversikt!$B$25="J",1,0)+Slaktekylling!C29*IF(Oversikt!$B$26="J",1,0)
A8: Sum variable kostnader | B8: Utrekna | C8: =Korn!C25*IF(Oversikt!$B$7="J",1,0)+Silofor!C26*IF(Oversikt!$B$8="J",1,0)+'Høy'!C24*IF(Oversikt!$B$9="J",1,0)+Potet!C25*IF(Oversikt!$B$10="J",1,0)+Agurk!C26*IF(Oversikt!$B$11="J",1,0)+Tomat!C26*IF(Oversikt!$B$12="J",1,0)+'Frilandsgrønsak'!C25*IF(Oversikt!$B$13="J",1,0)+Gulrot!C25*IF(Oversikt!$B$14="J",1,0)+'Kålrot'!C25*IF(Oversikt!$B$15="J",1,0)+'Mjølk'!C55*IF(Oversikt!$B$16="J",1,0)+Oksar!C52*IF(Oversikt!$B$17="J",1,0)+Mellomkalv!C52*IF(Oversikt!$B$18="J",1,0)+Ammekyr!C57*IF(Oversikt!$B$19="J",1,0)+'Smågris'!C33*IF(Oversikt!$B$20="J",1,0)+Purkering!C34*IF(Oversikt!$B$21="J",1,0)+Slaktegris!C30*IF(Oversikt!$B$22="J",1,0)+Sau!C63*IF(Oversikt!$B$23="J",1,0)+Geit!C51*IF(Oversikt!$B$24="J",1,0)+Egg!C25*IF(Oversikt!$B$25="J",1,0)+Slaktekylling!C30*IF(Oversikt!$B$26="J",1,0) | D8: kr | E8: Sum variable kostnader = Variable kostnader i alt [Korn!C25] × Med i totalen Korn [Oversikt!B7 → 1/0] + Variable kostnader i alt [Silofor!C26] × Med i totalen Silofor [Oversikt!B8 → 1/0] + Variable kostnader i alt [Høy!C24] × Med i totalen Høy [Oversikt!B9 → 1/0] + Variable kostnader i alt [Potet!C25] × Med i totalen Potet [Oversikt!B10 → 1/0] + Variable kostnader i alt [Agurk!C26] × Med i totalen Agurk [Oversikt!B11 → 1/0] + Variable kostnader i alt [Tomat!C26] × Med i totalen Tomat [Oversikt!B12 → 1/0] + Variable kostnader i alt [Frilandsgrønsak!C25] × Med i totalen Frilandsgrønsak [Oversikt!B13 → 1/0] + Variable kostnader i alt [Gulrot!C25] × Med i totalen Gulrot [Oversikt!B14 → 1/0] + Variable kostnader i alt [Kålrot!C25] × Med i totalen Kålrot [Oversikt!B15 → 1/0] + Variable kostnader i alt [Mjølk!C55] × Med i totalen Mjølk [Oversikt!B16 → 1/0] + Variable kostnader i alt [Oksar!C52] × Med i totalen Oksar [Oversikt!B17 → 1/0] + Variable kostnader i alt [Mellomkalv!C52] × Med i totalen Mellomkalv [Oversikt!B18 → 1/0] + Variable kostnader i alt [Ammekyr!C57] × Med i totalen Ammekyr [Oversikt!B19 → 1/0] + Variable kostnader i alt [Smågris!C33] × Med i totalen Smågris [Oversikt!B20 → 1/0] + Variable kostnader i alt [Purkering!C34] × Med i totalen Purkering [Oversikt!B21 → 1/0] + Variable kostnader i alt [Slaktegris!C30] × Med i totalen Slaktegris [Oversikt!B22 → 1/0] + Variable kostnader i alt [Sau!C63] × Med i totalen Sau [Oversikt!B23 → 1/0] + Variable kostnader i alt [Geit!C51] × Med i totalen Geit [Oversikt!B24 → 1/0] + Variable kostnader i alt [Egg!C25] × Med i totalen Egg [Oversikt!B25 → 1/0] + Variable kostnader i alt [Slaktekylling!C30] × Med i totalen Slaktekylling [Oversikt!B26 → 1/0] | F8: =Korn!C25*IF(Oversikt!$B$7="J",1,0)+Silofor!C26*IF(Oversikt!$B$8="J",1,0)+'Høy'!C24*IF(Oversikt!$B$9="J",1,0)+Potet!C25*IF(Oversikt!$B$10="J",1,0)+Agurk!C26*IF(Oversikt!$B$11="J",1,0)+Tomat!C26*IF(Oversikt!$B$12="J",1,0)+'Frilandsgrønsak'!C25*IF(Oversikt!$B$13="J",1,0)+Gulrot!C25*IF(Oversikt!$B$14="J",1,0)+'Kålrot'!C25*IF(Oversikt!$B$15="J",1,0)+'Mjølk'!C55*IF(Oversikt!$B$16="J",1,0)+Oksar!C52*IF(Oversikt!$B$17="J",1,0)+Mellomkalv!C52*IF(Oversikt!$B$18="J",1,0)+Ammekyr!C57*IF(Oversikt!$B$19="J",1,0)+'Smågris'!C33*IF(Oversikt!$B$20="J",1,0)+Purkering!C34*IF(Oversikt!$B$21="J",1,0)+Slaktegris!C30*IF(Oversikt!$B$22="J",1,0)+Sau!C63*IF(Oversikt!$B$23="J",1,0)+Geit!C51*IF(Oversikt!$B$24="J",1,0)+Egg!C25*IF(Oversikt!$B$25="J",1,0)+Slaktekylling!C30*IF(Oversikt!$B$26="J",1,0)
A9: Sum DB utan tilskot | B9: Utrekna | C9: =Korn!C26*IF(Oversikt!$B$7="J",1,0)+Silofor!C27*IF(Oversikt!$B$8="J",1,0)+'Høy'!C25*IF(Oversikt!$B$9="J",1,0)+Potet!C26*IF(Oversikt!$B$10="J",1,0)+Agurk!C27*IF(Oversikt!$B$11="J",1,0)+Tomat!C27*IF(Oversikt!$B$12="J",1,0)+'Frilandsgrønsak'!C26*IF(Oversikt!$B$13="J",1,0)+Gulrot!C26*IF(Oversikt!$B$14="J",1,0)+'Kålrot'!C26*IF(Oversikt!$B$15="J",1,0)+'Mjølk'!C56*IF(Oversikt!$B$16="J",1,0)+Oksar!C53*IF(Oversikt!$B$17="J",1,0)+Mellomkalv!C53*IF(Oversikt!$B$18="J",1,0)+Ammekyr!C58*IF(Oversikt!$B$19="J",1,0)+'Smågris'!C34*IF(Oversikt!$B$20="J",1,0)+Purkering!C35*IF(Oversikt!$B$21="J",1,0)+Slaktegris!C31*IF(Oversikt!$B$22="J",1,0)+Sau!C64*IF(Oversikt!$B$23="J",1,0)+Geit!C52*IF(Oversikt!$B$24="J",1,0)+Egg!C26*IF(Oversikt!$B$25="J",1,0)+Slaktekylling!C31*IF(Oversikt!$B$26="J",1,0) | D9: kr | E9: Sum DB utan tilskot = Dekningsbidrag (DB) utan tilskot [Korn!C26] × Med i totalen Korn [Oversikt!B7 → 1/0] + Dekningsbidrag (DB) utan tilskot [Silofor!C27] × Med i totalen Silofor [Oversikt!B8 → 1/0] + Dekningsbidrag (DB) utan tilskot [Høy!C25] × Med i totalen Høy [Oversikt!B9 → 1/0] + Dekningsbidrag (DB) utan tilskot [Potet!C26] × Med i totalen Potet [Oversikt!B10 → 1/0] + Dekningsbidrag (DB) utan tilskot [Agurk!C27] × Med i totalen Agurk [Oversikt!B11 → 1/0] + Dekningsbidrag (DB) utan tilskot [Tomat!C27] × Med i totalen Tomat [Oversikt!B12 → 1/0] + Dekningsbidrag (DB) utan tilskot [Frilandsgrønsak!C26] × Med i totalen Frilandsgrønsak [Oversikt!B13 → 1/0] + Dekningsbidrag (DB) utan tilskot [Gulrot!C26] × Med i totalen Gulrot [Oversikt!B14 → 1/0] + Dekningsbidrag (DB) utan tilskot [Kålrot!C26] × Med i totalen Kålrot [Oversikt!B15 → 1/0] + Dekningsbidrag (DB) utan tilskot [Mjølk!C56] × Med i totalen Mjølk [Oversikt!B16 → 1/0] + Dekningsbidrag (DB) utan tilskot [Oksar!C53] × Med i totalen Oksar [Oversikt!B17 → 1/0] + Dekningsbidrag (DB) utan tilskot [Mellomkalv!C53] × Med i totalen Mellomkalv [Oversikt!B18 → 1/0] + Dekningsbidrag (DB) utan tilskot [Ammekyr!C58] × Med i totalen Ammekyr [Oversikt!B19 → 1/0] + Dekningsbidrag (DB) utan tilskot [Smågris!C34] × Med i totalen Smågris [Oversikt!B20 → 1/0] + Dekningsbidrag (DB) utan tilskot [Purkering!C35] × Med i totalen Purkering [Oversikt!B21 → 1/0] + Dekningsbidrag (DB) utan tilskot [Slaktegris!C31] × Med i totalen Slaktegris [Oversikt!B22 → 1/0] + Dekningsbidrag (DB) utan tilskot [Sau!C64] × Med i totalen Sau [Oversikt!B23 → 1/0] + Dekningsbidrag (DB) utan tilskot [Geit!C52] × Med i totalen Geit [Oversikt!B24 → 1/0] + Dekningsbidrag (DB) utan tilskot [Egg!C26] × Med i totalen Egg [Oversikt!B25 → 1/0] + Dekningsbidrag (DB) utan tilskot [Slaktekylling!C31] × Med i totalen Slaktekylling [Oversikt!B26 → 1/0] | F9: =Korn!C26*IF(Oversikt!$B$7="J",1,0)+Silofor!C27*IF(Oversikt!$B$8="J",1,0)+'Høy'!C25*IF(Oversikt!$B$9="J",1,0)+Potet!C26*IF(Oversikt!$B$10="J",1,0)+Agurk!C27*IF(Oversikt!$B$11="J",1,0)+Tomat!C27*IF(Oversikt!$B$12="J",1,0)+'Frilandsgrønsak'!C26*IF(Oversikt!$B$13="J",1,0)+Gulrot!C26*IF(Oversikt!$B$14="J",1,0)+'Kålrot'!C26*IF(Oversikt!$B$15="J",1,0)+'Mjølk'!C56*IF(Oversikt!$B$16="J",1,0)+Oksar!C53*IF(Oversikt!$B$17="J",1,0)+Mellomkalv!C53*IF(Oversikt!$B$18="J",1,0)+Ammekyr!C58*IF(Oversikt!$B$19="J",1,0)+'Smågris'!C34*IF(Oversikt!$B$20="J",1,0)+Purkering!C35*IF(Oversikt!$B$21="J",1,0)+Slaktegris!C31*IF(Oversikt!$B$22="J",1,0)+Sau!C64*IF(Oversikt!$B$23="J",1,0)+Geit!C52*IF(Oversikt!$B$24="J",1,0)+Egg!C26*IF(Oversikt!$B$25="J",1,0)+Slaktekylling!C31*IF(Oversikt!$B$26="J",1,0)
A10: Sum tilskot fordelt på produksjonane | B10: Utrekna | C10: =Korn!C11*IF(Oversikt!$B$7="J",1,0)+Silofor!C13*IF(Oversikt!$B$8="J",1,0)+'Høy'!C11*IF(Oversikt!$B$9="J",1,0)+Potet!C11*IF(Oversikt!$B$10="J",1,0)+Agurk!C11*IF(Oversikt!$B$11="J",1,0)+Tomat!C11*IF(Oversikt!$B$12="J",1,0)+'Frilandsgrønsak'!C11*IF(Oversikt!$B$13="J",1,0)+Gulrot!C11*IF(Oversikt!$B$14="J",1,0)+'Kålrot'!C11*IF(Oversikt!$B$15="J",1,0)+'Mjølk'!C21*IF(Oversikt!$B$16="J",1,0)+Oksar!C20*IF(Oversikt!$B$17="J",1,0)+Mellomkalv!C20*IF(Oversikt!$B$18="J",1,0)+Ammekyr!C25*IF(Oversikt!$B$19="J",1,0)+'Smågris'!C17*IF(Oversikt!$B$20="J",1,0)+Purkering!C17*IF(Oversikt!$B$21="J",1,0)+Slaktegris!C16*IF(Oversikt!$B$22="J",1,0)+Sau!C29*IF(Oversikt!$B$23="J",1,0)+Geit!C18*IF(Oversikt!$B$24="J",1,0)+Egg!C11*IF(Oversikt!$B$25="J",1,0)+Slaktekylling!C16*IF(Oversikt!$B$26="J",1,0) | D10: kr | E10: Sum tilskot fordelt på produksjonane = Produksjonstilskot fordelt på produksjonen [Korn!C11] × Med i totalen Korn [Oversikt!B7 → 1/0] + Produksjonstilskot fordelt på produksjonen [Silofor!C13] × Med i totalen Silofor [Oversikt!B8 → 1/0] + Produksjonstilskot fordelt på produksjonen [Høy!C11] × Med i totalen Høy [Oversikt!B9 → 1/0] + Produksjonstilskot fordelt på produksjonen [Potet!C11] × Med i totalen Potet [Oversikt!B10 → 1/0] + Produksjonstilskot fordelt på produksjonen [Agurk!C11] × Med i totalen Agurk [Oversikt!B11 → 1/0] + Produksjonstilskot fordelt på produksjonen [Tomat!C11] × Med i totalen Tomat [Oversikt!B12 → 1/0] + Produksjonstilskot fordelt på produksjonen [Frilandsgrønsak!C11] × Med i totalen Frilandsgrønsak [Oversikt!B13 → 1/0] + Produksjonstilskot fordelt på produksjonen [Gulrot!C11] × Med i totalen Gulrot [Oversikt!B14 → 1/0] + Produksjonstilskot fordelt på produksjonen [Kålrot!C11] × Med i totalen Kålrot [Oversikt!B15 → 1/0] + Produksjonstilskot fordelt på produksjonen [Mjølk!C21] × Med i totalen Mjølk [Oversikt!B16 → 1/0] + Produksjonstilskot fordelt på produksjonen [Oksar!C20] × Med i totalen Oksar [Oversikt!B17 → 1/0] + Produksjonstilskot fordelt på produksjonen [Mellomkalv!C20] × Med i totalen Mellomkalv [Oversikt!B18 → 1/0] + Produksjonstilskot fordelt på produksjonen [Ammekyr!C25] × Med i totalen Ammekyr [Oversikt!B19 → 1/0] + Produksjonstilskot fordelt på produksjonen [Smågris!C17] × Med i totalen Smågris [Oversikt!B20 → 1/0] + Produksjonstilskot fordelt på produksjonen [Purkering!C17] × Med i totalen Purkering [Oversikt!B21 → 1/0] + Produksjonstilskot fordelt på produksjonen [Slaktegris!C16] × Med i totalen Slaktegris [Oversikt!B22 → 1/0] + Produksjonstilskot fordelt på produksjonen [Sau!C29] × Med i totalen Sau [Oversikt!B23 → 1/0] + Produksjonstilskot fordelt på produksjonen [Geit!C18] × Med i totalen Geit [Oversikt!B24 → 1/0] + Produksjonstilskot fordelt på produksjonen [Egg!C11] × Med i totalen Egg [Oversikt!B25 → 1/0] + Produksjonstilskot fordelt på produksjonen [Slaktekylling!C16] × Med i totalen Slaktekylling [Oversikt!B26 → 1/0] | F10: =Korn!C11*IF(Oversikt!$B$7="J",1,0)+Silofor!C13*IF(Oversikt!$B$8="J",1,0)+'Høy'!C11*IF(Oversikt!$B$9="J",1,0)+Potet!C11*IF(Oversikt!$B$10="J",1,0)+Agurk!C11*IF(Oversikt!$B$11="J",1,0)+Tomat!C11*IF(Oversikt!$B$12="J",1,0)+'Frilandsgrønsak'!C11*IF(Oversikt!$B$13="J",1,0)+Gulrot!C11*IF(Oversikt!$B$14="J",1,0)+'Kålrot'!C11*IF(Oversikt!$B$15="J",1,0)+'Mjølk'!C21*IF(Oversikt!$B$16="J",1,0)+Oksar!C20*IF(Oversikt!$B$17="J",1,0)+Mellomkalv!C20*IF(Oversikt!$B$18="J",1,0)+Ammekyr!C25*IF(Oversikt!$B$19="J",1,0)+'Smågris'!C17*IF(Oversikt!$B$20="J",1,0)+Purkering!C17*IF(Oversikt!$B$21="J",1,0)+Slaktegris!C16*IF(Oversikt!$B$22="J",1,0)+Sau!C29*IF(Oversikt!$B$23="J",1,0)+Geit!C18*IF(Oversikt!$B$24="J",1,0)+Egg!C11*IF(Oversikt!$B$25="J",1,0)+Slaktekylling!C16*IF(Oversikt!$B$26="J",1,0)
A11: Sum DB med tilskot | B11: Utrekna | C11: =C9+C10 | D11: kr | E11: Sum DB med tilskot = Sum DB utan tilskot [C9] + Sum tilskot fordelt på produksjonane [C10] | F11: =C9+C10
A12: 2. INPUT – Inntekter og kostnader som ikkje er fordelt på produksjon
A13: Andre driftsinntekter, netto (ikkje fordelt på produksjon) | B13: 3090-3092, 3600-3999 o.l. | C13: 228384.97 | D13: kr | E13: Input. Hentast frå: 3090-3092, 3600-3999 o.l.. Eksempel: DB totalt minus DB i produksjonane i vedlagt analyse (Prod.øk «Andre inntekter»).
A14: Tilskot som ikkje er fordelt på produksjon | B14: 34xx | C14: 0 | D14: kr | E14: Input. Hentast frå: 34xx.
A15: Variable kostnader som ikkje er fordelt | B15: 4xxx | C15: 0 | D15: kr | E15: Input. Hentast frå: 4xxx.
A16: 3. UTREKNING – Driftsoverskot jordbruk (driftsmessig)
A17: Sum faste kostnader | B17: Lenkje frå anna ark | C17: ='Faste kostnader'!C102 | D17: kr | E17: Sum faste kostnader = Sum faste kostnader jordbruk [Faste kostnader!C102] | F17: ='Faste kostnader'!C102
A18: Driftsoverskot jordbruk, driftsmessig | B18: Utrekna | C18: =C11+C13+C14-C15-C17 | D18: kr | E18: Driftsoverskot jordbruk, driftsmessig = Sum DB med tilskot [C11] + Andre driftsinntekter, netto (ikkje fordelt på produksjon) [C13] + Tilskot som ikkje er fordelt på produksjon [C14] − Variable kostnader som ikkje er fordelt [C15] − Sum faste kostnader [C17] | F18: =C11+C13+C14-C15-C17
A19: 4. INPUT – Skattemessige tal frå rekneskapen (for avstemming)
A20: Skattemessige avskrivingar | B20: 60xx i saldobalansen (før korrigering) | C20: 8882.16 | D20: kr | E20: Input. Hentast frå: 60xx i saldobalansen (før korrigering).
A21: Driftsmessige avskrivingar | B21: 60xx i saldobalansen (etter korrigering) | C21: 246072.11 | D21: kr | E21: Input. Hentast frå: 60xx i saldobalansen (etter korrigering).
A22: Beholdningsendring buskap/varelager, skattemessig (+ = auke) | B22: 4090-4099, 4190-4199, 4290-4299, 4690-4699 (før korrigering) | C22: -58135 | D22: kr | E22: Input. Hentast frå: 4090-4099, 4190-4199, 4290-4299, 4690-4699 (før korrigering).
A23: Beholdningsendring buskap/varelager, driftsmessig (+ = auke) | B23: Etter korrigering til driftsmessige verdiar | C23: 3740 | D23: kr | E23: Input. Hentast frå: Etter korrigering til driftsmessige verdiar.
A24: Driftsoverskot jordbruk i rekneskapen (skatt) | B24: Næringsoppgåve / resultatrekneskap | C24: 403480.85 | D24: kr | E24: Input. Hentast frå: Næringsoppgåve / resultatrekneskap.
A25: 5. UTREKNING – Frå skattemessig til driftsmessig resultat
A26: Korrigering avskrivingar (skatt – drift) | B26: Utrekna | C26: =C20-C21 | D26: kr | E26: Korrigering avskrivingar (skatt – drift) = Skattemessige avskrivingar [C20] − Driftsmessige avskrivingar [C21] | F26: =C20-C21
A27: Korrigering beholdningsendring (drift – skatt) | B27: Utrekna | C27: =C23-C22 | D27: kr | E27: Korrigering beholdningsendring (drift – skatt) = Beholdningsendring buskap/varelager, driftsmessig (+ = auke) [C23] − Beholdningsendring buskap/varelager, skattemessig (+ = auke) [C22] | F27: =C23-C22
A28: Driftsoverskot skattemessig, berekna | B28: Utrekna | C28: =C18-C26-C27 | D28: kr | E28: Driftsoverskot skattemessig, berekna = Driftsoverskot jordbruk, driftsmessig [C18] − Korrigering avskrivingar (skatt – drift) [C26] − Korrigering beholdningsendring (drift – skatt) [C27] | F28: =C18-C26-C27
A29: Avvik mot rekneskapen (bør vere 0) | B29: Utrekna | C29: =C24-C28 | D29: kr | E29: Avvik mot rekneskapen (bør vere 0) = Driftsoverskot jordbruk i rekneskapen (skatt) [C24] − Driftsoverskot skattemessig, berekna [C28] (Avvik kjem av postar som ikkje er lagt inn i analysen. Eksempelanalysen har same avvik (−329,66)) | F29: =C24-C28
A30: 6. INPUT/UTREKNING – Nettoinntekt
A31: Driftsoverskot andre næringar (skog, leigekøyring o.l.) | B31: Avdeling 30/70 o.l. | C31: 117592.22 | D31: kr | E31: Input. Hentast frå: Avdeling 30/70 o.l..
A32: Renteinntekter | B32: 80xx | C32: 117 | D32: kr | E32: Input. Hentast frå: 80xx.
A33: Renteutgifter | B33: 8100-8179 | C33: 190284.05 | D33: kr | E33: Input. Hentast frå: 8100-8179.
A34: Nettoinntekt næring (driftsmessig) | B34: Utrekna | C34: =C18+C31+C32-C33 | D34: kr | E34: Nettoinntekt næring (driftsmessig) = Driftsoverskot jordbruk, driftsmessig [C18] + Driftsoverskot andre næringar (skog, leigekøyring o.l.) [C31] + Renteinntekter [C32] − Renteutgifter [C33] | F34: =C18+C31+C32-C33
A35: 7. OUTPUT – Nøkkeltal totaløkonomi
A36: DB m/tilskot i % av produksjonsinntekter og tilskot | B36: Utrekna | C36: =IF((C7+C10)=0,0,(C11)/(C7+C10)) | D36: % | E36: DB m/tilskot i % av produksjonsinntekter og tilskot = Sum DB med tilskot [C11] ÷ (Sum produksjonsinntekter [C7] + Sum tilskot fordelt på produksjonane [C10]) | F36: =IF((C7+C10)=0,0,(C11)/(C7+C10))
A37: Tilskot i % av DB m/tilskot | B37: Utrekna | C37: =IF((C11)=0,0,(C10)/(C11)) | D37: % | E37: Tilskot i % av DB m/tilskot = Sum tilskot fordelt på produksjonane [C10] ÷ Sum DB med tilskot [C11] | F37: =IF((C11)=0,0,(C10)/(C11))
A38: Faste kostnader i % av DB m/tilskot | B38: Utrekna | C38: =IF((C11)=0,0,(C17)/(C11)) | D38: % | E38: Faste kostnader i % av DB m/tilskot = Sum faste kostnader [C17] ÷ Sum DB med tilskot [C11] | F38: =IF((C11)=0,0,(C17)/(C11))
A39: Renteutgifter i % av driftsoverskot | B39: Utrekna | C39: =IF((C18)=0,0,(C33)/(C18)) | D39: % | E39: Renteutgifter i % av driftsoverskot = Renteutgifter [C33] ÷ Driftsoverskot jordbruk, driftsmessig [C18] | F39: =IF((C18)=0,0,(C33)/(C18))

Sheet Faste kostnader
A1: Faste kostnader jordbruk
A2: Maskin-, bygnings- og andre faste kostnader. Maskinkostnader og innandørsmekanisering blir fordelt på produksjonane.
A3: Fargekodar: blå tal på gul botn = input (skal fyllast inn) · svart = formel · grøn = lenkje frå anna ark. Alle kronebeløp er positive (inntekt og kostnad).
A5: Post | B5: Kjelde / Tripletex-konto | C5: Verdi | D5: Eining | E5: Formel forklart (korleis outputen blir rekna) | F5: Excel-formel
A6: 1. INPUT – Maskinkostnader (driftsmessige tal)
A7: Vedlikehald maskiner og reiskap | B7: 6620-6629 | C7: 27820.2 | D7: kr | E7: Input. Hentast frå: 6620-6629.
A8: Drivstoff | B8: 6250-6259 | C8: 18004.8 | D8: kr | E8: Input. Hentast frå: 6250-6259.
A9: Maskinleige / leigekøyring / bruk av eigen traktor | B9: 4550-4559, 6400-6409, 6450-6452 | C9: 84250.8 | D9: kr | E9: Input. Hentast frå: 4550-4559, 6400-6409, 6450-6452.
A10: Leasing maskiner | B10: 6470, 6473 | C10: 0 | D10: kr | E10: Input. Hentast frå: 6470, 6473.
A11: Avskrivingar maskiner og reiskap (driftsmessige) | B11: 6010 | C11: 98462.99 | D11: kr | E11: Input. Hentast frå: 6010.
A12: Andre maskinkostnader (forsikring, småreiskap) | B12: 6500-6529, 7503 | C12: 14251 | D12: kr | E12: Input. Hentast frå: 6500-6529, 7503.
A13: Sum maskinkostnader | B13: Utrekna | C13: =C7+C8+C9+C10+C11+C12 | D13: kr | E13: Sum maskinkostnader = Vedlikehald maskiner og reiskap [C7] + Drivstoff [C8] + Maskinleige / leigekøyring / bruk av eigen traktor [C9] + Leasing maskiner [C10] + Avskrivingar maskiner og reiskap (driftsmessige) [C11] + Andre maskinkostnader (forsikring, småreiskap) [C12] | F13: =C7+C8+C9+C10+C11+C12
A14: 2. INPUT – Fordeling av maskinkostnader på produksjonane (%)
A15: Del maskinkostnad – Korn | B15: Skjønn / timeforbruk | C15: 0 | D15: % | E15: Input. Hentast frå: Skjønn / timeforbruk.
A16: Del maskinkostnad – Silofor | B16: Skjønn / timeforbruk | C16: 0.32183936 | D16: % | E16: Input. Hentast frå: Skjønn / timeforbruk. Eksempel: fordelt som i vedlagt analyse
A17: Del maskinkostnad – Høy | B17: Skjønn / timeforbruk | C17: 0 | D17: % | E17: Input. Hentast frå: Skjønn / timeforbruk.
A18: Del maskinkostnad – Potet | B18: Skjønn / timeforbruk | C18: 0 | D18: % | E18: Input. Hentast frå: Skjønn / timeforbruk.
A19: Del maskinkostnad – Agurk | B19: Skjønn / timeforbruk | C19: 0 | D19: % | E19: Input. Hentast frå: Skjønn / timeforbruk.
A20: Del maskinkostnad – Tomat | B20: Skjønn / timeforbruk | C20: 0 | D20: % | E20: Input. Hentast frå: Skjønn / timeforbruk.
A21: Del maskinkostnad – Frilandsgrønsak | B21: Skjønn / timeforbruk | C21: 0 | D21: % | E21: Input. Hentast frå: Skjønn / timeforbruk.
A22: Del maskinkostnad – Gulrot | B22: Skjønn / timeforbruk | C22: 0 | D22: % | E22: Input. Hentast frå: Skjønn / timeforbruk.
A23: Del maskinkostnad – Kålrot | B23: Skjønn / timeforbruk | C23: 0 | D23: % | E23: Input. Hentast frå: Skjønn / timeforbruk.
A24: Del maskinkostnad – Mjølk | B24: Skjønn / timeforbruk | C24: 0 | D24: % | E24: Input. Hentast frå: Skjønn / timeforbruk.
A25: Del maskinkostnad – Oksar | B25: Skjønn / timeforbruk | C25: 0 | D25: % | E25: Input. Hentast frå: Skjønn / timeforbruk.
A26: Del maskinkostnad – Mellomkalv | B26: Skjønn / timeforbruk | C26: 0 | D26: % | E26: Input. Hentast frå: Skjønn / timeforbruk.
... A34: Del maskinkostnad – Slaktekylling | B34: Skjønn / timeforbruk | C34: 0 | D34: % | E34: Input. Hentast frå: Skjønn / timeforbruk.
A35: Del maskinkostnad – anna bruk (rest) | B35: Utrekna | C35: =1-(C15+C16+C17+C18+C19+C20+C21+C22+C23+C24+C25+C26+C27+C28+C29+C30+C31+C32+C33+C34) | D35: % | E35: Del maskinkostnad – anna bruk (rest) = 1 − (Del maskinkostnad – Korn [C15] + Del maskinkostnad – Silofor [C16] + Del maskinkostnad – Høy [C17] + Del maskinkostnad – Potet [C18] + Del maskinkostnad – Agurk [C19] + Del maskinkostnad – Tomat [C20] + Del maskinkostnad – Frilandsgrønsak [C21] + Del maskinkostnad – Gulrot [C22] + Del maskinkostnad – Kålrot [C23] + Del maskinkostnad – Mjølk [C24] + Del maskinkostnad – Oksar [C25] + Del maskinkostnad – Mellomkalv [C26] + Del maskinkostnad – Ammekyr [C27] + Del maskinkostnad – Smågris [C28] + Del maskinkostnad – Purkering [C29] + Del maskinkostnad – Slaktegris [C30] + Del maskinkostnad – Sau [C31] + Del maskinkostnad – Geit [C32] + Del maskinkostnad – Egg [C33] + Del maskinkostnad – Slaktekylling [C34]) | F35: =1-(C15+C16+C17+C18+C19+C20+C21+C22+C23+C24+C25+C26+C27+C28+C29+C30+C31+C32+C33+C34)
A36: 3. UTREKNING – Maskinkostnader fordelt (kr)
A37: Maskinkostnader – Korn | B37: Utrekna | C37: =C13*C15 | D37: kr | E37: Maskinkostnader – Korn = Sum maskinkostnader [C13] × Del maskinkostnad – Korn [C15] | F37: =C13*C15
A38: Maskinkostnader – Silofor | B38: Utrekna | C38: =C13*C16 | D38: kr | E38: Maskinkostnader – Silofor = Sum maskinkostnader [C13] × Del maskinkostnad – Silofor [C16] | F38: =C13*C16
A39: Maskinkostnader – Høy | B39: Utrekna | C39: =C13*C17 | D39: kr | E39: Maskinkostnader – Høy = Sum maskinkostnader [C13] × Del maskinkostnad – Høy [C17] | F39: =C13*C17
A40: Maskinkostnader – Potet | B40: Utrekna | C40: =C13*C18 | D40: kr | E40: Maskinkostnader – Potet = Sum maskinkostnader [C13] × Del maskinkostnad – Potet [C18] | F40: =C13*C18
A41: Maskinkostnader – Agurk | B41: Utrekna | C41: =C13*C19 | D41: kr | E41: Maskinkostnader – Agurk = Sum maskinkostnader [C13] × Del maskinkostnad – Agurk [C19] | F41: =C13*C19
A42: Maskinkostnader – Tomat | B42: Utrekna | C42: =C13*C20 | D42: kr | E42: Maskinkostnader – Tomat = Sum maskinkostnader [C13] × Del maskinkostnad – Tomat [C20] | F42: =C13*C20
A43: Maskinkostnader – Frilandsgrønsak | B43: Utrekna | C43: =C13*C21 | D43: kr | E43: Maskinkostnader – Frilandsgrønsak = Sum maskinkostnader [C13] × Del maskinkostnad – Frilandsgrønsak [C21] | F43: =C13*C21
A44: Maskinkostnader – Gulrot | B44: Utrekna | C44: =C13*C22 | D44: kr | E44: Maskinkostnader – Gulrot = Sum maskinkostnader [C13] × Del maskinkostnad – Gulrot [C22] | F44: =C13*C22
A45: Maskinkostnader – Kålrot | B45: Utrekna | C45: =C13*C23 | D45: kr | E45: Maskinkostnader – Kålrot = Sum maskinkostnader [C13] × Del maskinkostnad – Kålrot [C23] | F45: =C13*C23
A46: Maskinkostnader – Mjølk | B46: Utrekna | C46: =C13*C24 | D46: kr | E46: Maskinkostnader – Mjølk = Sum maskinkostnader [C13] × Del maskinkostnad – Mjølk [C24] | F46: =C13*C24
A47: Maskinkostnader – Oksar | B47: Utrekna | C47: =C13*C25 | D47: kr | E47: Maskinkostnader – Oksar = Sum maskinkostnader [C13] × Del maskinkostnad – Oksar [C25] | F47: =C13*C25
A48: Maskinkostnader – Mellomkalv | B48: Utrekna | C48: =C13*C26 | D48: kr | E48: Maskinkostnader – Mellomkalv = Sum maskinkostnader [C13] × Del maskinkostnad – Mellomkalv [C26] | F48: =C13*C26
A49: Maskinkostnader – Ammekyr | B49: Utrekna | C49: =C13*C27 | D49: kr | E49: Maskinkostnader – Ammekyr = Sum maskinkostnader [C13] × Del maskinkostnad – Ammekyr [C27] | F49: =C13*C27
A50: Maskinkostnader – Smågris | B50: Utrekna | C50: =C13*C28 | D50: kr | E50: Maskinkostnader – Smågris = Sum maskinkostnader [C13] × Del maskinkostnad – Smågris [C28] | F50: =C13*C28
A51: Maskinkostnader – Purkering | B51: Utrekna | C51: =C13*C29 | D51: kr | E51: Maskinkostnader – Purkering = Sum maskinkostnader [C13] × Del maskinkostnad – Purkering [C29] | F51: =C13*C29
A52: Maskinkostnader – Slaktegris | B52: Utrekna | C52: =C13*C30 | D52: kr | E52: Maskinkostnader – Slaktegris = Sum maskinkostnader [C13] × Del maskinkostnad – Slaktegris [C30] | F52: =C13*C30
A53: Maskinkostnader – Sau | B53: Utrekna | C53: =C13*C31 | D53: kr | E53: Maskinkostnader – Sau = Sum maskinkostnader [C13] × Del maskinkostnad – Sau [C31] | F53: =C13*C31
A54: Maskinkostnader – Geit | B54: Utrekna | C54: =C13*C32 | D54: kr | E54: Maskinkostnader – Geit = Sum maskinkostnader [C13] × Del maskinkostnad – Geit [C32] | F54: =C13*C32
A55: Maskinkostnader – Egg | B55: Utrekna | C55: =C13*C33 | D55: kr | E55: Maskinkostnader – Egg = Sum maskinkostnader [C13] × Del maskinkostnad – Egg [C33] | F55: =C13*C33
A56: Maskinkostnader – Slaktekylling | B56: Utrekna | C56: =C13*C34 | D56: kr | E56: Maskinkostnader – Slaktekylling = Sum maskinkostnader [C13] × Del maskinkostnad – Slaktekylling [C34] | F56: =C13*C34
A57: Maskinkostnader – anna bruk | B57: Utrekna | C57: =C13*C35 | D57: kr | E57: Maskinkostnader – anna bruk = Sum maskinkostnader [C13] × Del maskinkostnad – anna bruk (rest) [C35] | F57: =C13*C35
A58: 4. INPUT – Bygningskostnader
A59: Vedlikehald driftsbygningar og installasjonar | B59: 6600-6604, 6640 | C59: 94769.39 | D59: kr | E59: Input. Hentast frå: 6600-6604, 6640.
A60: Avskrivingar bygningar og anlegg (driftsmessige) | B60: 6000-6005, 6030, 6070-6092 | C60: 147609.12 | D60: kr | E60: Input. Hentast frå: 6000-6005, 6030, 6070-6092.
A61: Leasing / leige bygningar | B61: 6300-6301, 6410 | C61: 0 | D61: kr | E61: Input. Hentast frå: 6300-6301, 6410.
A62: Andre bygningskostnader (vatn, renovasjon, reinhald, forsikring) | B62: 6260-6262, 6320, 6340, 6360, 6390, 6541, 6563, 7501 | C62: 36721 | D62: kr | E62: Input. Hentast frå: 6260-6262, 6320, 6340, 6360, 6390, 6541, 6563, 7501.
A63: Sum bygningskostnader | B63: Utrekna | C63: =C59+C60+C61+C62 | D63: kr | E63: Sum bygningskostnader = Vedlikehald driftsbygningar og installasjonar [C59] + Avskrivingar bygningar og anlegg (driftsmessige) [C60] + Leasing / leige bygningar [C61] + Andre bygningskostnader (vatn, renovasjon, reinhald, forsikring) [C62] | F63: =C59+C60+C61+C62
A64: 5. INPUT – Herav innandørsmekanisering, fordelt på husdyrproduksjonane (kr)
A65: Kostnader til innandørsmekanisering (kontoar) | B65: 6030, 6541, 6563, 6640 | C65: 95725.21 | D65: kr | E65: Input. Hentast frå: 6030, 6541, 6563, 6640. Herav-post: kontoane er kopla til «Innandørsmek.» i kontoplanen og ligg alt i bygnings- og andre faste kostnader
A66: Del innandørsmekanisering – Mjølk | B66: Fordelingsnøkkel (fôr innandørs) | C66: 0 | D66: % | E66: Input. Hentast frå: Fordelingsnøkkel (fôr innandørs).
A67: Del innandørsmekanisering – Oksar | B67: Fordelingsnøkkel (fôr innandørs) | C67: 0 | D67: % | E67: Input. Hentast frå: Fordelingsnøkkel (fôr innandørs).
A68: Del innandørsmekanisering – Mellomkalv | B68: Fordelingsnøkkel (fôr innandørs) | C68: 0 | D68: % | E68: Input. Hentast frå: Fordelingsnøkkel (fôr innandørs).
A69: Del innandørsmekanisering – Ammekyr | B69: Fordelingsnøkkel (fôr innandørs) | C69: 0.75931492 | D69: % | E69: Input. Hentast frå: Fordelingsnøkkel (fôr innandørs).
A70: Del innandørsmekanisering – Smågris | B70: Fordelingsnøkkel (fôr innandørs) | C70: 0 | D70: % | E70: Input. Hentast frå: Fordelingsnøkkel (fôr innandørs).
A71: Del innandørsmekanisering – Purkering | B71: Fordelingsnøkkel (fôr innandørs) | C71: 0 | D71: % | E71: Input. Hentast frå: Fordelingsnøkkel (fôr innandørs).
A72: Del innandørsmekanisering – Slaktegris | B72: Fordelingsnøkkel (fôr innandørs) | C72: 0 | D72: % | E72: Input. Hentast frå: Fordelingsnøkkel (fôr innandørs).
A73: Del innandørsmekanisering – Sau | B73: Fordelingsnøkkel (fôr innandørs) | C73: 0.24068508 | D73: % | E73: Input. Hentast frå: Fordelingsnøkkel (fôr innandørs).
A74: Del innandørsmekanisering – Geit | B74: Fordelingsnøkkel (fôr innandørs) | C74: 0 | D74: % | E74: Input. Hentast frå: Fordelingsnøkkel (fôr innandørs).
A75: Del innandørsmekanisering – Egg | B75: Fordelingsnøkkel (fôr innandørs) | C75: 0 | D75: % | E75: Input. Hentast frå: Fordelingsnøkkel (fôr innandørs).
A76: Del innandørsmekanisering – Slaktekylling | B76: Fordelingsnøkkel (fôr innandørs) | C76: 0 | D76: % | E76: Input. Hentast frå: Fordelingsnøkkel (fôr innandørs).
A77: Innandørsmekanisering – Mjølk | B77: Utrekna | C77: =C65*C66 | D77: kr | E77: Innandørsmekanisering – Mjølk = Kostnader til innandørsmekanisering (kontoar) [C65] × Del innandørsmekanisering – Mjølk [C66] | F77: =C65*C66
A78: Innandørsmekanisering – Oksar | B78: Utrekna | C78: =C65*C67 | D78: kr | E78: Innandørsmekanisering – Oksar = Kostnader til innandørsmekanisering (kontoar) [C65] × Del innandørsmekanisering – Oksar [C67] | F78: =C65*C67
A79: Innandørsmekanisering – Mellomkalv | B79: Utrekna | C79: =C65*C68 | D79: kr | E79: Innandørsmekanisering – Mellomkalv = Kostnader til innandørsmekanisering (kontoar) [C65] × Del innandørsmekanisering – Mellomkalv [C68] | F79: =C65*C68
A80: Innandørsmekanisering – Ammekyr | B80: Utrekna | C80: =C65*C69 | D80: kr | E80: Innandørsmekanisering – Ammekyr = Kostnader til innandørsmekanisering (kontoar) [C65] × Del innandørsmekanisering – Ammekyr [C69] | F80: =C65*C69
A81: Innandørsmekanisering – Smågris | B81: Utrekna | C81: =C65*C70 | D81: kr | E81: Innandørsmekanisering – Smågris = Kostnader til innandørsmekanisering (kontoar) [C65] × Del innandørsmekanisering – Smågris [C70] | F81: =C65*C70
A82: Innandørsmekanisering – Purkering | B82: Utrekna | C82: =C65*C71 | D82: kr | E82: Innandørsmekanisering – Purkering = Kostnader til innandørsmekanisering (kontoar) [C65] × Del innandørsmekanisering – Purkering [C71] | F82: =C65*C71
A83: Innandørsmekanisering – Slaktegris | B83: Utrekna | C83: =C65*C72 | D83: kr | E83: Innandørsmekanisering – Slaktegris = Kostnader til innandørsmekanisering (kontoar) [C65] × Del innandørsmekanisering – Slaktegris [C72] | F83: =C65*C72
A84: Innandørsmekanisering – Sau | B84: Utrekna | C84: =C65*C73 | D84: kr | E84: Innandørsmekanisering – Sau = Kostnader til innandørsmekanisering (kontoar) [C65] × Del innandørsmekanisering – Sau [C73] | F84: =C65*C73
A85: Innandørsmekanisering – Geit | B85: Utrekna | C85: =C65*C74 | D85: kr | E85: Innandørsmekanisering – Geit = Kostnader til innandørsmekanisering (kontoar) [C65] × Del innandørsmekanisering – Geit [C74] | F85: =C65*C74
A86: Innandørsmekanisering – Egg | B86: Utrekna | C86: =C65*C75 | D86: kr | E86: Innandørsmekanisering – Egg = Kostnader til innandørsmekanisering (kontoar) [C65] × Del innandørsmekanisering – Egg [C75] | F86: =C65*C75
A87: Innandørsmekanisering – Slaktekylling | B87: Utrekna | C87: =C65*C76 | D87: kr | E87: Innandørsmekanisering – Slaktekylling = Kostnader til innandørsmekanisering (kontoar) [C65] × Del innandørsmekanisering – Slaktekylling [C76] | F87: =C65*C76
A88: Sum innandørsmekanisering (herav, inngår i summane ovanfor) | B88: Utrekna | C88: =C77+C78+C79+C80+C81+C82+C83+C84+C85+C86+C87 | D88: kr | E88: Sum innandørsmekanisering (herav, inngår i summane ovanfor) = Innandørsmekanisering – Mjølk [C77] + Innandørsmekanisering – Oksar [C78] + Innandørsmekanisering – Mellomkalv [C79] + Innandørsmekanisering – Ammekyr [C80] + Innandørsmekanisering – Smågris [C81] + Innandørsmekanisering – Purkering [C82] + Innandørsmekanisering – Slaktegris [C83] + Innandørsmekanisering – Sau [C84] + Innandørsmekanisering – Geit [C85] + Innandørsmekanisering – Egg [C86] + Innandørsmekanisering – Slaktekylling [C87] | F88: =C77+C78+C79+C80+C81+C82+C83+C84+C85+C86+C87
A89: 6. INPUT – Andre faste kostnader
A90: Leigd hjelp / løn / avløysar | B90: 4570-4580, 5000-5599, 5700-5999, !5800-5899 | C90: 78672.8 | D90: kr | E90: Input. Hentast frå: 4570-4580, 5000-5599, 5700-5999, !5800-5899.
A91: Arbeidsvederlag i selskap | B91: 5600-5699 | C91: 0 | D91: kr | E91: Input. Hentast frå: 5600-5699.
A92: Refusjon avløysar / sjukdom (-) | B92: 3440-3442, 5800-5899 | C92: -62681 | D92: kr | E92: Input. Hentast frå: 3440-3442, 5800-5899.
A93: Leige av jord, beite og mjølkekvote | B93: 6471, 6472, 6475 | C93: 0 | D93: kr | E93: Input. Hentast frå: 6471, 6472, 6475.
A94: Vedlikehald jord, vegar, grøfter og anna | B94: 6650-6699 | C94: 5000 | D94: kr | E94: Input. Hentast frå: 6650-6699.
A95: Energi (straum, brensel) som ikkje er fordelt | B95: 6200-6249 | C95: 23734.87 | D95: kr | E95: Input. Hentast frå: 6200-6249.
A96: Administrasjon (rekneskap, kontor, telefon, kontingentar, forsikring) | B96: 6700-6999, 7100-7499, 7500, 7502, 7509, 7600-7799 | C96: 156309.53 | D96: kr | E96: Input. Hentast frå: 6700-6999, 7100-7499, 7500, 7502, 7509, 7600-7799.
A97: Bil og transportmiddel | B97: 6011-6014, 7000-7099 | C97: 0 | D97: kr | E97: Input. Hentast frå: 6011-6014, 7000-7099.
A98: Andre avskrivingar (driftsmessige) | B98: 6015-6019 | C98: 0 | D98: kr | E98: Input. Hentast frå: 6015-6019.
A99: Annan fast kostnad (resten av 5000–7999) | C99: 66370.83 | D99: kr | E99: Input.
A100: Sum andre faste kostnader | B100: Utrekna | C100: =C90+C91+C92+C93+C94+C95+C96+C97+C98+C99 | D100: kr | E100: Sum andre faste kostnader = Leigd hjelp / løn / avløysar [C90] + Arbeidsvederlag i selskap [C91] + Refusjon avløysar / sjukdom (-) [C92] + Leige av jord, beite og mjølkekvote [C93] + Vedlikehald jord, vegar, grøfter og anna [C94] + Energi (straum, brensel) som ikkje er fordelt [C95] + Administrasjon (rekneskap, kontor, telefon, kontingentar, forsikring) [C96] + Bil og transportmiddel [C97] + Andre avskrivingar (driftsmessige) [C98] + Annan fast kostnad (resten av 5000–7999) [C99] | F100: =C90+C91+C92+C93+C94+C95+C96+C97+C98+C99
A101: 7. OUTPUT – Sum faste kostnader
A102: Sum faste kostnader jordbruk | B102: Utrekna | C102: =C13+C63+C100 | D102: kr | E102: Sum faste kostnader jordbruk = Sum maskinkostnader [C13] + Sum bygningskostnader [C63] + Sum andre faste kostnader [C100] (Innandørsmekanisering er ein herav-post og blir ikkje lagd til (same som eksempelanalysen)) | F102: =C13+C63+C100
A103: – herav driftsmessige avskrivingar | B103: Utrekna | C103: =C11+C60+C98 | D103: kr | E103: – herav driftsmessige avskrivingar = Avskrivingar maskiner og reiskap (driftsmessige) [C11] + Avskrivingar bygningar og anlegg (driftsmessige) [C60] + Andre avskrivingar (driftsmessige) [C98] | F103: =C11+C60+C98
A104: Maskinkostnader i % av faste kostnader | B104: Utrekna | C104: =IF((C102)=0,0,(C13)/(C102)) | D104: % | E104: Maskinkostnader i % av faste kostnader = Sum maskinkostnader [C13] ÷ Sum faste kostnader jordbruk [C102] | F104: =IF((C102)=0,0,(C13)/(C102))
A105: Bygningskostnader i % av faste kostnader | B105: Utrekna | C105: =IF((C102)=0,0,(C63)/(C102)) | D105: % | E105: Bygningskostnader i % av faste kostnader = Sum bygningskostnader [C63] ÷ Sum faste kostnader jordbruk [C102] | F105: =IF((C102)=0,0,(C63)/(C102))

Sheet Grovfôr
A1: Grovfôr – areal, kueiningar og grovfôrkostnad
A2: Felles grovfôrgrunnlag for mjølk, oksar, mellomkalv, ammekyr, sau og geit.
A3: Fargekodar: blå tal på gul botn = input (skal fyllast inn) · svart = formel · grøn = lenkje frå anna ark. Alle kronebeløp er positive (inntekt og kostnad).
A5: Post | B5: Kjelde / Tripletex-konto | C5: Verdi | D5: Eining | E5: Formel forklart (korleis outputen blir rekna) | F5: Excel-formel
A6: 1. INPUT – Areal (dekar)
A7: Overflatedyrka jord til eng og beite | B7: Søknad om produksjonstilskot / kontoar 1071 mengd 2 | C7: 0 | D7: da | E7: Input. Hentast frå: Søknad om produksjonstilskot / kontoar 1071 mengd 2.
A8: Fulldyrka jord til eng og beite | B8: Søknad om produksjonstilskot / konto 1070 mengd 2 | C8: 129 | D8: da | E8: Input. Hentast frå: Søknad om produksjonstilskot / konto 1070 mengd 2.
A9: Innmarksbeite / kulturbeite | B9: Søknad om produksjonstilskot / konto 1072 mengd 2 | C9: 169 | D9: da | E9: Input. Hentast frå: Søknad om produksjonstilskot / konto 1072 mengd 2.
A10: Kulturbeite leigd ut | B10: Leigeavtalar | C10: 0 | D10: da | E10: Input. Hentast frå: Leigeavtalar.
A11: 2. INPUT – Dyr på utmarksbeite (tal dyr sleppt)
A12: Sau på utmarksbeite (1,05 FEm/dag, 95 dagar) | B12: Søknad om tilskot til dyr på beite | C12: 36 | D12: stk | E12: Input. Hentast frå: Søknad om tilskot til dyr på beite.
A13: Lam på utmarksbeite (1 FEm/dag, 90 dagar) | B13: Søknad om tilskot til dyr på beite | C13: 0 | D13: stk | E13: Input. Hentast frå: Søknad om tilskot til dyr på beite.
A14: Kyr på utmarksbeite (7,2 FEm/dag, 92 dagar) | B14: Søknad om tilskot til dyr på beite | C14: 16 | D14: stk | E14: Input. Hentast frå: Søknad om tilskot til dyr på beite.
A15: Ungdyr på utmarksbeite (4,8 FEm/dag, 92 dagar) | B15: Søknad om tilskot til dyr på beite | C15: 21 | D15: stk | E15: Input. Hentast frå: Søknad om tilskot til dyr på beite.
A16: 3. UTREKNING – Grovfôrareal
A17: Dekar til sal av silofôr og høy | B17: Utrekna | C17: =Silofor!C7*IF(Oversikt!$B$8="J",1,0)+'Høy'!C7*IF(Oversikt!$B$9="J",1,0) | D17: da | E17: Dekar til sal av silofôr og høy = Tal dekar [Silofor!C7] × Med i totalen Silofor [Oversikt!B8 → 1/0] + Tal dekar [Høy!C7] × Med i totalen Høy [Oversikt!B9 → 1/0] | F17: =Silofor!C7*IF(Oversikt!$B$8="J",1,0)+'Høy'!C7*IF(Oversikt!$B$9="J",1,0)
A18: Fulldyrka til eigen grovfôrbasert husdyrproduksjon | B18: Utrekna | C18: =C8-C17 | D18: da | E18: Fulldyrka til eigen grovfôrbasert husdyrproduksjon = Fulldyrka jord til eng og beite [C8] − Dekar til sal av silofôr og høy [C17] | F18: =C8-C17
A19: Kulturbeite til eige bruk | B19: Utrekna | C19: =C9-C10 | D19: da | E19: Kulturbeite til eige bruk = Innmarksbeite / kulturbeite [C9] − Kulturbeite leigd ut [C10] | F19: =C9-C10
A20: Dekar grovfôr – maskinkostnadsgrunnlag (overflate/2 + fulldyrka + kulturbeite×10 %) | B20: Utrekna | C20: =C7/2+C18+C19*0.1 | D20: da | E20: Dekar grovfôr – maskinkostnadsgrunnlag (overflate/2 + fulldyrka + kulturbeite×10 %) = Overflatedyrka jord til eng og beite [C7] / 2 + Fulldyrka til eigen grovfôrbasert husdyrproduksjon [C18] + Kulturbeite til eige bruk [C19] × 0,1 | F20: =C7/2+C18+C19*0.1
A21: Korrigert grovfôrareal (overflate/1,25 + fulldyrka + kulturbeite/2,5) | B21: Utrekna | C21: =C7/1.25+C18+C19/2.5 | D21: da | E21: Korrigert grovfôrareal (overflate/1,25 + fulldyrka + kulturbeite/2,5) = Overflatedyrka jord til eng og beite [C7] / 1,25 + Fulldyrka til eigen grovfôrbasert husdyrproduksjon [C18] + Kulturbeite til eige bruk [C19] / 2,5 | F21: =C7/1.25+C18+C19/2.5
A22: Fôreiningar (FEm) henta frå utmark | B22: Utrekna | C22: =C12*1.05*95+C13*1*90+C14*7.2*92+C15*4.8*92 | D22: FEm | E22: Fôreiningar (FEm) henta frå utmark = Sau på utmarksbeite (1,05 FEm/dag, 95 dagar) [C12] × 1,05 × 95 + Lam på utmarksbeite (1 FEm/dag, 90 dagar) [C13] × 1 × 90 + Kyr på utmarksbeite (7,2 FEm/dag, 92 dagar) [C14] × 7,2 × 92 + Ungdyr på utmarksbeite (4,8 FEm/dag, 92 dagar) [C15] × 4,8 × 92 | F22: =C12*1.05*95+C13*1*90+C14*7.2*92+C15*4.8*92
A23: Utmark omrekna til «fulldyrka» dekar (900 FEm/da) | B23: Utrekna | C23: =C22/900 | D23: da | E23: Utmark omrekna til «fulldyrka» dekar (900 FEm/da) = Fôreiningar (FEm) henta frå utmark [C22] / 900 | F23: =C22/900
A24: 4. UTREKNING – «Kueiningar» og eigen grovfôrkostnad pr produksjon (berre produksjonar med i totalen)
A25: Kueiningar – Mjølk | B25: Utrekna | C25: ='Mjølk'!C59*IF(Oversikt!$B$16="J",1,0) | D25: stk | E25: Kueiningar – Mjølk = «Kueiningar» [Mjølk!C59] × Med i totalen Mjølk [Oversikt!B16 → 1/0] | F25: ='Mjølk'!C59*IF(Oversikt!$B$16="J",1,0)
A26: Kueiningar – Oksar | B26: Utrekna | C26: =Oksar!C56*IF(Oversikt!$B$17="J",1,0) | D26: stk | E26: Kueiningar – Oksar = «Kueiningar» [Oksar!C56] × Med i totalen Oksar [Oversikt!B17 → 1/0] | F26: =Oksar!C56*IF(Oversikt!$B$17="J",1,0)
A27: Kueiningar – Mellomkalv | B27: Utrekna | C27: =Mellomkalv!C56*IF(Oversikt!$B$18="J",1,0) | D27: stk | E27: Kueiningar – Mellomkalv = «Kueiningar» [Mellomkalv!C56] × Med i totalen Mellomkalv [Oversikt!B18 → 1/0] | F27: =Mellomkalv!C56*IF(Oversikt!$B$18="J",1,0)
A28: Kueiningar – Ammekyr | B28: Utrekna | C28: =Ammekyr!C61*IF(Oversikt!$B$19="J",1,0) | D28: stk | E28: Kueiningar – Ammekyr = «Kueiningar» [Ammekyr!C61] × Med i totalen Ammekyr [Oversikt!B19 → 1/0] | F28: =Ammekyr!C61*IF(Oversikt!$B$19="J",1,0)
A29: Kueiningar – Sau | B29: Utrekna | C29: =Sau!C67*IF(Oversikt!$B$23="J",1,0) | D29: stk | E29: Kueiningar – Sau = «Kueiningar» [Sau!C67] × Med i totalen Sau [Oversikt!B23 → 1/0] | F29: =Sau!C67*IF(Oversikt!$B$23="J",1,0)
A30: Kueiningar – Geit | B30: Utrekna | C30: =Geit!C55*IF(Oversikt!$B$24="J",1,0) | D30: stk | E30: Kueiningar – Geit = «Kueiningar» [Geit!C55] × Med i totalen Geit [Oversikt!B24 → 1/0] | F30: =Geit!C55*IF(Oversikt!$B$24="J",1,0)
A31: Sum «kueiningar» | B31: Utrekna | C31: =C25+C26+C27+C28+C29+C30 | D31: stk | E31: Sum «kueiningar» = Kueiningar – Mjølk [C25] + Kueiningar – Oksar [C26] + Kueiningar – Mellomkalv [C27] + Kueiningar – Ammekyr [C28] + Kueiningar – Sau [C29] + Kueiningar – Geit [C30] | F31: =C25+C26+C27+C28+C29+C30
A32: Eigen grovfôrkostnad – Mjølk | B32: Utrekna | C32: ='Mjølk'!C53*IF(Oversikt!$B$16="J",1,0) | D32: kr | E32: Eigen grovfôrkostnad – Mjølk = Sum eigen grovfôrproduksjon (utan lagerendring) [Mjølk!C53] × Med i totalen Mjølk [Oversikt!B16 → 1/0] | F32: ='Mjølk'!C53*IF(Oversikt!$B$16="J",1,0)
A33: Eigen grovfôrkostnad – Oksar | B33: Utrekna | C33: =Oksar!C50*IF(Oversikt!$B$17="J",1,0) | D33: kr | E33: Eigen grovfôrkostnad – Oksar = Sum eigen grovfôrproduksjon (utan lagerendring) [Oksar!C50] × Med i totalen Oksar [Oversikt!B17 → 1/0] | F33: =Oksar!C50*IF(Oversikt!$B$17="J",1,0)
A34: Eigen grovfôrkostnad – Mellomkalv | B34: Utrekna | C34: =Mellomkalv!C50*IF(Oversikt!$B$18="J",1,0) | D34: kr | E34: Eigen grovfôrkostnad – Mellomkalv = Sum eigen grovfôrproduksjon (utan lagerendring) [Mellomkalv!C50] × Med i totalen Mellomkalv [Oversikt!B18 → 1/0] | F34: =Mellomkalv!C50*IF(Oversikt!$B$18="J",1,0)
A35: Eigen grovfôrkostnad – Ammekyr | B35: Utrekna | C35: =Ammekyr!C55*IF(Oversikt!$B$19="J",1,0) | D35: kr | E35: Eigen grovfôrkostnad – Ammekyr = Sum eigen grovfôrproduksjon (utan lagerendring) [Ammekyr!C55] × Med i totalen Ammekyr [Oversikt!B19 → 1/0] | F35: =Ammekyr!C55*IF(Oversikt!$B$19="J",1,0)
A36: Eigen grovfôrkostnad – Sau | B36: Utrekna | C36: =Sau!C61*IF(Oversikt!$B$23="J",1,0) | D36: kr | E36: Eigen grovfôrkostnad – Sau = Sum eigen grovfôrproduksjon (utan lagerendring) [Sau!C61] × Med i totalen Sau [Oversikt!B23 → 1/0] | F36: =Sau!C61*IF(Oversikt!$B$23="J",1,0)
A37: Eigen grovfôrkostnad – Geit | B37: Utrekna | C37: =Geit!C49*IF(Oversikt!$B$24="J",1,0) | D37: kr | E37: Eigen grovfôrkostnad – Geit = Sum eigen grovfôrproduksjon (utan lagerendring) [Geit!C49] × Med i totalen Geit [Oversikt!B24 → 1/0] | F37: =Geit!C49*IF(Oversikt!$B$24="J",1,0)
A38: Sum eigen grovfôrkostnad (fordelingsnøkkel areal) | B38: Utrekna | C38: =C32+C33+C34+C35+C36+C37 | D38: kr | E38: Sum eigen grovfôrkostnad (fordelingsnøkkel areal) = Eigen grovfôrkostnad – Mjølk [C32] + Eigen grovfôrkostnad – Oksar [C33] + Eigen grovfôrkostnad – Mellomkalv [C34] + Eigen grovfôrkostnad – Ammekyr [C35] + Eigen grovfôrkostnad – Sau [C36] + Eigen grovfôrkostnad – Geit [C37] | F38: =C32+C33+C34+C35+C36+C37
A39: Sum variabel grovfôrkostnad (utan plast) | B39: Utrekna | C39: ='Mjølk'!C52*IF(Oversikt!$B$16="J",1,0)+Oksar!C49*IF(Oversikt!$B$17="J",1,0)+Mellomkalv!C49*IF(Oversikt!$B$18="J",1,0)+Ammekyr!C54*IF(Oversikt!$B$19="J",1,0)+Sau!C60*IF(Oversikt!$B$23="J",1,0)+Geit!C48*IF(Oversikt!$B$24="J",1,0) | D39: kr | E39: Sum variabel grovfôrkostnad (utan plast) = Variabel grovfôrkostnad (utan plast og lagerendring eigenprodusert) [Mjølk!C52] × Med i totalen Mjølk [Oversikt!B16 → 1/0] + Variabel grovfôrkostnad (utan plast og lagerendring eigenprodusert) [Oksar!C49] × Med i totalen Oksar [Oversikt!B17 → 1/0] + Variabel grovfôrkostnad (utan plast og lagerendring eigenprodusert) [Mellomkalv!C49] × Med i totalen Mellomkalv [Oversikt!B18 → 1/0] + Variabel grovfôrkostnad (utan plast og lagerendring eigenprodusert) [Ammekyr!C54] × Med i totalen Ammekyr [Oversikt!B19 → 1/0] + Variabel grovfôrkostnad (utan plast og lagerendring eigenprodusert) [Sau!C60] × Med i totalen Sau [Oversikt!B23 → 1/0] + Variabel grovfôrkostnad (utan plast og lagerendring eigenprodusert) [Geit!C48] × Med i totalen Geit [Oversikt!B24 → 1/0] | F39: ='Mjølk'!C52*IF(Oversikt!$B$16="J",1,0)+Oksar!C49*IF(Oversikt!$B$17="J",1,0)+Mellomkalv!C49*IF(Oversikt!$B$18="J",1,0)+Ammekyr!C54*IF(Oversikt!$B$19="J",1,0)+Sau!C60*IF(Oversikt!$B$23="J",1,0)+Geit!C48*IF(Oversikt!$B$24="J",1,0)
A40: Maskinkostnader i grovfôrproduksjonane | B40: Utrekna | C40: ='Faste kostnader'!C46*IF(Oversikt!$B$16="J",1,0)+'Faste kostnader'!C47*IF(Oversikt!$B$17="J",1,0)+'Faste kostnader'!C48*IF(Oversikt!$B$18="J",1,0)+'Faste kostnader'!C49*IF(Oversikt!$B$19="J",1,0)+'Faste kostnader'!C53*IF(Oversikt!$B$23="J",1,0)+'Faste kostnader'!C54*IF(Oversikt!$B$24="J",1,0) | D40: kr | E40: Maskinkostnader i grovfôrproduksjonane = Maskinkostnader – Mjølk [Faste kostnader!C46] × Med i totalen Mjølk [Oversikt!B16 → 1/0] + Maskinkostnader – Oksar [Faste kostnader!C47] × Med i totalen Oksar [Oversikt!B17 → 1/0] + Maskinkostnader – Mellomkalv [Faste kostnader!C48] × Med i totalen Mellomkalv [Oversikt!B18 → 1/0] + Maskinkostnader – Ammekyr [Faste kostnader!C49] × Med i totalen Ammekyr [Oversikt!B19 → 1/0] + Maskinkostnader – Sau [Faste kostnader!C53] × Med i totalen Sau [Oversikt!B23 → 1/0] + Maskinkostnader – Geit [Faste kostnader!C54] × Med i totalen Geit [Oversikt!B24 → 1/0] | F40: ='Faste kostnader'!C46*IF(Oversikt!$B$16="J",1,0)+'Faste kostnader'!C47*IF(Oversikt!$B$17="J",1,0)+'Faste kostnader'!C48*IF(Oversikt!$B$18="J",1,0)+'Faste kostnader'!C49*IF(Oversikt!$B$19="J",1,0)+'Faste kostnader'!C53*IF(Oversikt!$B$23="J",1,0)+'Faste kostnader'!C54*IF(Oversikt!$B$24="J",1,0)
A41: DB grovfôrbaserte husdyr u/tilskot | B41: Utrekna | C41: ='Mjølk'!C56*IF(Oversikt!$B$16="J",1,0)+Oksar!C53*IF(Oversikt!$B$17="J",1,0)+Mellomkalv!C53*IF(Oversikt!$B$18="J",1,0)+Ammekyr!C58*IF(Oversikt!$B$19="J",1,0)+Sau!C64*IF(Oversikt!$B$23="J",1,0)+Geit!C52*IF(Oversikt!$B$24="J",1,0) | D41: kr | E41: DB grovfôrbaserte husdyr u/tilskot = Dekningsbidrag (DB) utan tilskot [Mjølk!C56] × Med i totalen Mjølk [Oversikt!B16 → 1/0] + Dekningsbidrag (DB) utan tilskot [Oksar!C53] × Med i totalen Oksar [Oversikt!B17 → 1/0] + Dekningsbidrag (DB) utan tilskot [Mellomkalv!C53] × Med i totalen Mellomkalv [Oversikt!B18 → 1/0] + Dekningsbidrag (DB) utan tilskot [Ammekyr!C58] × Med i totalen Ammekyr [Oversikt!B19 → 1/0] + Dekningsbidrag (DB) utan tilskot [Sau!C64] × Med i totalen Sau [Oversikt!B23 → 1/0] + Dekningsbidrag (DB) utan tilskot [Geit!C52] × Med i totalen Geit [Oversikt!B24 → 1/0] | F41: ='Mjølk'!C56*IF(Oversikt!$B$16="J",1,0)+Oksar!C53*IF(Oversikt!$B$17="J",1,0)+Mellomkalv!C53*IF(Oversikt!$B$18="J",1,0)+Ammekyr!C58*IF(Oversikt!$B$19="J",1,0)+Sau!C64*IF(Oversikt!$B$23="J",1,0)+Geit!C52*IF(Oversikt!$B$24="J",1,0)
A42: DB grovfôrbaserte husdyr m/tilskot | B42: Utrekna | C42: ='Mjølk'!C57*IF(Oversikt!$B$16="J",1,0)+Oksar!C54*IF(Oversikt!$B$17="J",1,0)+Mellomkalv!C54*IF(Oversikt!$B$18="J",1,0)+Ammekyr!C59*IF(Oversikt!$B$19="J",1,0)+Sau!C65*IF(Oversikt!$B$23="J",1,0)+Geit!C53*IF(Oversikt!$B$24="J",1,0) | D42: kr | E42: DB grovfôrbaserte husdyr m/tilskot = Dekningsbidrag (DB) med tilskot [Mjølk!C57] × Med i totalen Mjølk [Oversikt!B16 → 1/0] + Dekningsbidrag (DB) med tilskot [Oksar!C54] × Med i totalen Oksar [Oversikt!B17 → 1/0] + Dekningsbidrag (DB) med tilskot [Mellomkalv!C54] × Med i totalen Mellomkalv [Oversikt!B18 → 1/0] + Dekningsbidrag (DB) med tilskot [Ammekyr!C59] × Med i totalen Ammekyr [Oversikt!B19 → 1/0] + Dekningsbidrag (DB) med tilskot [Sau!C65] × Med i totalen Sau [Oversikt!B23 → 1/0] + Dekningsbidrag (DB) med tilskot [Geit!C53] × Med i totalen Geit [Oversikt!B24 → 1/0] | F42: ='Mjølk'!C57*IF(Oversikt!$B$16="J",1,0)+Oksar!C54*IF(Oversikt!$B$17="J",1,0)+Mellomkalv!C54*IF(Oversikt!$B$18="J",1,0)+Ammekyr!C59*IF(Oversikt!$B$19="J",1,0)+Sau!C65*IF(Oversikt!$B$23="J",1,0)+Geit!C53*IF(Oversikt!$B$24="J",1,0)
A43: 4b. UTREKNING – Arealbehov etter fôrnorm (kontroll av grovfôrbalansen)
A44: Arealbehov etter fôrnorm – Mjølk | B44: Utrekna | C44: ='Mjølk'!C7*('Mjølk'!C17/625+'Mjølk'!C18/650)*IF(Oversikt!$B$16="J",1,0) | D44: da | E44: Arealbehov etter fôrnorm – Mjølk = Tal årskyr [Mjølk!C7] × (Fôrnorm beite (FEm) [Mjølk!C17] / 625 + Fôrnorm eige grovfôr vinter (FEm) [Mjølk!C18] / 650) × Med i totalen Mjølk [Oversikt!B16 → 1/0] (Beite 250 FEm/da delt på 2,5 og eige grovfôr 650 FEm/da – same omrekning som korrigert areal) | F44: ='Mjølk'!C7*('Mjølk'!C17/625+'Mjølk'!C18/650)*IF(Oversikt!$B$16="J",1,0)
A45: Arealbehov etter fôrnorm – Oksar | B45: Utrekna | C45: =Oksar!C7*(Oksar!C16/625+Oksar!C17/650)*IF(Oversikt!$B$17="J",1,0) | D45: da | E45: Arealbehov etter fôrnorm – Oksar = Tal produserte oksar [Oksar!C7] × (Fôrnorm beite (FEm) [Oksar!C16] / 625 + Fôrnorm eige grovfôr vinter (FEm) [Oksar!C17] / 650) × Med i totalen Oksar [Oversikt!B17 → 1/0] (Beite 250 FEm/da delt på 2,5 og eige grovfôr 650 FEm/da – same omrekning som korrigert areal) | F45: =Oksar!C7*(Oksar!C16/625+Oksar!C17/650)*IF(Oversikt!$B$17="J",1,0)
A46: Arealbehov etter fôrnorm – Mellomkalv | B46: Utrekna | C46: =Mellomkalv!C7*(Mellomkalv!C16/625+Mellomkalv!C17/650)*IF(Oversikt!$B$18="J",1,0) | D46: da | E46: Arealbehov etter fôrnorm – Mellomkalv = Tal produserte kalvar [Mellomkalv!C7] × (Fôrnorm beite (FEm) [Mellomkalv!C16] / 625 + Fôrnorm eige grovfôr vinter (FEm) [Mellomkalv!C17] / 650) × Med i totalen Mellomkalv [Oversikt!B18 → 1/0] (Beite 250 FEm/da delt på 2,5 og eige grovfôr 650 FEm/da – same omrekning som korrigert areal) | F46: =Mellomkalv!C7*(Mellomkalv!C16/625+Mellomkalv!C17/650)*IF(Oversikt!$B$18="J",1,0)
A47: Arealbehov etter fôrnorm – Ammekyr | B47: Utrekna | C47: =Ammekyr!C7*(Ammekyr!C21/625+Ammekyr!C22/650)*IF(Oversikt!$B$19="J",1,0) | D47: da | E47: Arealbehov etter fôrnorm – Ammekyr = Tal ammekyr [Ammekyr!C7] × (Fôrnorm beite (FEm) [Ammekyr!C21] / 625 + Fôrnorm eige grovfôr vinter (FEm) [Ammekyr!C22] / 650) × Med i totalen Ammekyr [Oversikt!B19 → 1/0] (Beite 250 FEm/da delt på 2,5 og eige grovfôr 650 FEm/da – same omrekning som korrigert areal) | F47: =Ammekyr!C7*(Ammekyr!C21/625+Ammekyr!C22/650)*IF(Oversikt!$B$19="J",1,0)
A48: Arealbehov etter fôrnorm – Sau | B48: Utrekna | C48: =Sau!C7*(Sau!C25/625+Sau!C26/650)*IF(Oversikt!$B$23="J",1,0) | D48: da | E48: Arealbehov etter fôrnorm – Sau = Tal vinterfôra sau [Sau!C7] × (Fôrnorm beite (FEm) [Sau!C25] / 625 + Fôrnorm eige grovfôr vinter (FEm) [Sau!C26] / 650) × Med i totalen Sau [Oversikt!B23 → 1/0] (Beite 250 FEm/da delt på 2,5 og eige grovfôr 650 FEm/da – same omrekning som korrigert areal) | F48: =Sau!C7*(Sau!C25/625+Sau!C26/650)*IF(Oversikt!$B$23="J",1,0)
A49: Arealbehov etter fôrnorm – Geit | B49: Utrekna | C49: =Geit!C7*(Geit!C14/625+Geit!C15/650)*IF(Oversikt!$B$24="J",1,0) | D49: da | E49: Arealbehov etter fôrnorm – Geit = Tal årsgeiter [Geit!C7] × (Fôrnorm beite (FEm) [Geit!C14] / 625 + Fôrnorm eige grovfôr vinter (FEm) [Geit!C15] / 650) × Med i totalen Geit [Oversikt!B24 → 1/0] (Beite 250 FEm/da delt på 2,5 og eige grovfôr 650 FEm/da – same omrekning som korrigert areal) | F49: =Geit!C7*(Geit!C14/625+Geit!C15/650)*IF(Oversikt!$B$24="J",1,0)
A50: Sum arealbehov etter fôrnorm | B50: Utrekna | C50: =C44+C45+C46+C47+C48+C49 | D50: da | E50: Sum arealbehov etter fôrnorm = Arealbehov etter fôrnorm – Mjølk [C44] + Arealbehov etter fôrnorm – Oksar [C45] + Arealbehov etter fôrnorm – Mellomkalv [C46] + Arealbehov etter fôrnorm – Ammekyr [C47] + Arealbehov etter fôrnorm – Sau [C48] + Arealbehov etter fôrnorm – Geit [C49] | F50: =C44+C45+C46+C47+C48+C49
A51: 5. OUTPUT – Nøkkeltal grovfôr
A52: Variabel grovfôrkostnad pr korrigert dekar | B52: Utrekna | C52: =IF((C21)=0,0,(C39)/(C21)) | D52: kr | E52: Variabel grovfôrkostnad pr korrigert dekar = Sum variabel grovfôrkostnad (utan plast) [C39] ÷ Korrigert grovfôrareal (overflate/1,25 + fulldyrka + kulturbeite/2,5) [C21] | F52: =IF((C21)=0,0,(C39)/(C21))
A53: Maskinkostnader pr dekar grovfôr | B53: Utrekna | C53: =IF((C20)=0,0,(C40)/(C20)) | D53: kr | E53: Maskinkostnader pr dekar grovfôr = Maskinkostnader i grovfôrproduksjonane [C40] ÷ Dekar grovfôr – maskinkostnadsgrunnlag (overflate/2 + fulldyrka + kulturbeite×10 %) [C20] | F53: =IF((C20)=0,0,(C40)/(C20))
A54: Korrigerte dekar pr «kueining» | B54: Utrekna | C54: =IF((C31)=0,0,(C21)/(C31)) | D54: da | E54: Korrigerte dekar pr «kueining» = Korrigert grovfôrareal (overflate/1,25 + fulldyrka + kulturbeite/2,5) [C21] ÷ Sum «kueiningar» [C31] | F54: =IF((C31)=0,0,(C21)/(C31))
A55: Dekar fulldyrka pr «kueining» | B55: Utrekna | C55: =IF((C31)=0,0,(C18)/(C31)) | D55: da | E55: Dekar fulldyrka pr «kueining» = Fulldyrka til eigen grovfôrbasert husdyrproduksjon [C18] ÷ Sum «kueiningar» [C31] | F55: =IF((C31)=0,0,(C18)/(C31))
A56: Dekar kulturbeite pr «kueining» | B56: Utrekna | C56: =IF((C31)=0,0,(C19)/(C31)) | D56: da | E56: Dekar kulturbeite pr «kueining» = Kulturbeite til eige bruk [C19] ÷ Sum «kueiningar» [C31] | F56: =IF((C31)=0,0,(C19)/(C31))
A57: FEm frå utmark pr «kueining» | B57: Utrekna | C57: =IF((C31)=0,0,(C22)/(C31)) | D57: FEm | E57: FEm frå utmark pr «kueining» = Fôreiningar (FEm) henta frå utmark [C22] ÷ Sum «kueiningar» [C31] | F57: =IF((C31)=0,0,(C22)/(C31))
A58: DB grovfôrbaserte husdyr u/tilskot pr korrigert dekar | B58: Utrekna | C58: =IF((C21)=0,0,(C41)/(C21)) | D58: kr | E58: DB grovfôrbaserte husdyr u/tilskot pr korrigert dekar = DB grovfôrbaserte husdyr u/tilskot [C41] ÷ Korrigert grovfôrareal (overflate/1,25 + fulldyrka + kulturbeite/2,5) [C21] | F58: =IF((C21)=0,0,(C41)/(C21))
A59: DB grovfôrbaserte husdyr m/tilskot pr korrigert dekar | B59: Utrekna | C59: =IF((C21)=0,0,(C42)/(C21)) | D59: kr | E59: DB grovfôrbaserte husdyr m/tilskot pr korrigert dekar = DB grovfôrbaserte husdyr m/tilskot [C42] ÷ Korrigert grovfôrareal (overflate/1,25 + fulldyrka + kulturbeite/2,5) [C21] | F59: =IF((C21)=0,0,(C42)/(C21))
A60: Korrigert grovfôrareal i % av arealbehov etter fôrnorm | B60: Utrekna | C60: =IF((C50)=0,0,(C21)/(C50)) | D60: % | E60: Korrigert grovfôrareal i % av arealbehov etter fôrnorm = Korrigert grovfôrareal (overflate/1,25 + fulldyrka + kulturbeite/2,5) [C21] ÷ Sum arealbehov etter fôrnorm [C50] (Under 100 % tyder på kjøpt fôr eller høge avlingar, over 100 % på overskot av areal) | F60: =IF((C50)=0,0,(C21)/(C50))

Sheet Korn
A1: Kornproduksjon – driftsgrein 1100-1190
A2: Korn til modning (driftsgrein 1100–1190).
A3: Fargekodar: blå tal på gul botn = input (skal fyllast inn) · svart = formel · grøn = lenkje frå anna ark. Alle kronebeløp er positive (inntekt og kostnad).
A5: Post | B5: Kjelde / Tripletex-konto | C5: Verdi | D5: Eining | E5: Formel forklart (korleis outputen blir rekna) | F5: Excel-formel
A6: 1. INPUT – Produksjonsdata
A7: Tal dekar | B7: Produksjonstabell / søknad om produksjonstilskot | C7: 60 | D7: da | E7: Input. Hentast frå: Produksjonstabell / søknad om produksjonstilskot.
A8: Avling totalt | B8: Produksjonstabell / avlingsregistrering | C8: 24000 | D8: kg | E8: Input. Hentast frå: Produksjonstabell / avlingsregistrering.
A9: Seld mengd | B9: Mengde 1/2 på salskonto (3000-3007) | C9: 20000 | D9: kg | E9: Input. Hentast frå: Mengde 1/2 på salskonto (3000-3007).
A10: 2. INPUT – Rekneskapstal (kr) frå saldobalansen etter korrigeringar
A11: Produksjonstilskot fordelt på produksjonen | B11: 34xx (ikkje 344x avløysartilskot) | C11: 42000 | D11: kr | E11: Input. Hentast frå: 34xx (ikkje 344x avløysartilskot).
A12: Sal av korn | B12: 3000-3007 | C12: 72000 | D12: kr | E12: Input. Hentast frå: 3000-3007.
A13: Sal av halm | B13: 3096 | C13: 6000 | D13: kr | E13: Input. Hentast frå: 3096.
A14: Beholdningsendring ferdigvarer (+ = auke) | B14: 4290-4298 (forteikn snudd) | C14: 3000 | D14: kr | E14: Input. Hentast frå: 4290-4298 (forteikn snudd).
A15: Andre inntekter | B15: andre 3xxx kopla til produksjonen | C15: 0 | D15: kr | E15: Input. Hentast frå: andre 3xxx kopla til produksjonen.
A16: Variable kostnader
A17: Gjødsel og kalk | B17: 4050, 4057, 4095 | C17: 27000 | D17: kr | E17: Input. Hentast frå: 4050, 4057, 4095.
A18: Plantevernmiddel | B18: 4110, 4111, 4191 | C18: 9000 | D18: kr | E18: Input. Hentast frå: 4110, 4111, 4191.
A19: Såkorn | B19: 4000 | C19: 15000 | D19: kr | E19: Input. Hentast frå: 4000.
A20: Andre variable kostnader | B20: 4540-4549, 4160 + andre 4xxx | C20: 8000 | D20: kr | E20: Input. Hentast frå: 4540-4549, 4160 + andre 4xxx.
A21: 3. INPUT – Fordelte faste kostnader (lenka frå arket «Faste kostnader»)
A22: Maskinkostnader fordelt | B22: Lenkje frå anna ark | C22: ='Faste kostnader'!C37 | D22: kr | E22: Maskinkostnader fordelt = Maskinkostnader – Korn [Faste kostnader!C37] | F22: ='Faste kostnader'!C37
A23: 4. UTREKNING – Totalt for produksjonen
A24: Produksjonsinntekter i alt | B24: Utrekna | C24: =C12+C13+C14+C15 | D24: kr | E24: Produksjonsinntekter i alt = Sal av korn [C12] + Sal av halm [C13] + Beholdningsendring ferdigvarer (+ = auke) [C14] + Andre inntekter [C15] | F24: =C12+C13+C14+C15
A25: Variable kostnader i alt | B25: Utrekna | C25: =C17+C18+C19+C20 | D25: kr | E25: Variable kostnader i alt = Gjødsel og kalk [C17] + Plantevernmiddel [C18] + Såkorn [C19] + Andre variable kostnader [C20] | F25: =C17+C18+C19+C20
A26: Dekningsbidrag (DB) utan tilskot | B26: Utrekna | C26: =C24-C25 | D26: kr | E26: Dekningsbidrag (DB) utan tilskot = Produksjonsinntekter i alt [C24] − Variable kostnader i alt [C25] | F26: =C24-C25
A27: Dekningsbidrag (DB) med tilskot | B27: Utrekna | C27: =C26+C11 | D27: kr | E27: Dekningsbidrag (DB) med tilskot = Dekningsbidrag (DB) utan tilskot [C26] + Produksjonstilskot fordelt på produksjonen [C11] | F27: =C26+C11
A28: DB m/tilskot etter maskinkostnader | B28: Utrekna | C28: =C27-C22 | D28: kr | E28: DB m/tilskot etter maskinkostnader = Dekningsbidrag (DB) med tilskot [C27] − Maskinkostnader fordelt [C22] | F28: =C27-C22
A29: 5. OUTPUT – Per eining (pr dekar)
A30: Produksjonsinntekter pr dekar
A31: Sal av korn | B31: Utrekna | C31: =IF((C7)=0,0,(C12)/(C7)) | D31: kr | E31: Sal av korn = Sal av korn [C12] ÷ Tal dekar [C7] | F31: =IF((C7)=0,0,(C12)/(C7))
A32: Sal av halm | B32: Utrekna | C32: =IF((C7)=0,0,(C13)/(C7)) | D32: kr | E32: Sal av halm = Sal av halm [C13] ÷ Tal dekar [C7] | F32: =IF((C7)=0,0,(C13)/(C7))
A33: Beholdningsendring ferdigvarer (+ = auke) | B33: Utrekna | C33: =IF((C7)=0,0,(C14)/(C7)) | D33: kr | E33: Beholdningsendring ferdigvarer (+ = auke) = Beholdningsendring ferdigvarer (+ = auke) [C14] ÷ Tal dekar [C7] | F33: =IF((C7)=0,0,(C14)/(C7))
A34: Andre inntekter | B34: Utrekna | C34: =IF((C7)=0,0,(C15)/(C7)) | D34: kr | E34: Andre inntekter = Andre inntekter [C15] ÷ Tal dekar [C7] | F34: =IF((C7)=0,0,(C15)/(C7))
A35: Produksjonsinntekter i alt | B35: Utrekna | C35: =IF((C7)=0,0,(C24)/(C7)) | D35: kr | E35: Produksjonsinntekter i alt = Produksjonsinntekter i alt [C24] ÷ Tal dekar [C7] | F35: =IF((C7)=0,0,(C24)/(C7))
A36: Variable kostnader pr dekar
A37: Gjødsel og kalk | B37: Utrekna | C37: =IF((C7)=0,0,(C17)/(C7)) | D37: kr | E37: Gjødsel og kalk = Gjødsel og kalk [C17] ÷ Tal dekar [C7] | F37: =IF((C7)=0,0,(C17)/(C7))
A38: Plantevernmiddel | B38: Utrekna | C38: =IF((C7)=0,0,(C18)/(C7)) | D38: kr | E38: Plantevernmiddel = Plantevernmiddel [C18] ÷ Tal dekar [C7] | F38: =IF((C7)=0,0,(C18)/(C7))
A39: Såkorn | B39: Utrekna | C39: =IF((C7)=0,0,(C19)/(C7)) | D39: kr | E39: Såkorn = Såkorn [C19] ÷ Tal dekar [C7] | F39: =IF((C7)=0,0,(C19)/(C7))
A40: Andre variable kostnader | B40: Utrekna | C40: =IF((C7)=0,0,(C20)/(C7)) | D40: kr | E40: Andre variable kostnader = Andre variable kostnader [C20] ÷ Tal dekar [C7] | F40: =IF((C7)=0,0,(C20)/(C7))
A41: Sum variable kostnader | B41: Utrekna | C41: =IF((C7)=0,0,(C25)/(C7)) | D41: kr | E41: Sum variable kostnader = Variable kostnader i alt [C25] ÷ Tal dekar [C7] | F41: =IF((C7)=0,0,(C25)/(C7))
A42: Resultat pr dekar
A43: DB utan tilskot | B43: Utrekna | C43: =IF((C7)=0,0,(C26)/(C7)) | D43: kr | E43: DB utan tilskot = Dekningsbidrag (DB) utan tilskot [C26] ÷ Tal dekar [C7] | F43: =IF((C7)=0,0,(C26)/(C7))
A44: Tilskot | B44: Utrekna | C44: =IF((C7)=0,0,(C11)/(C7)) | D44: kr | E44: Tilskot = Produksjonstilskot fordelt på produksjonen [C11] ÷ Tal dekar [C7] | F44: =IF((C7)=0,0,(C11)/(C7))
A45: DB med tilskot | B45: Utrekna | C45: =IF((C7)=0,0,(C27)/(C7)) | D45: kr | E45: DB med tilskot = Dekningsbidrag (DB) med tilskot [C27] ÷ Tal dekar [C7] | F45: =IF((C7)=0,0,(C27)/(C7))
A46: Maskinkostnader | B46: Utrekna | C46: =IF((C7)=0,0,(C22)/(C7)) | D46: kr | E46: Maskinkostnader = Maskinkostnader fordelt [C22] ÷ Tal dekar [C7] | F46: =IF((C7)=0,0,(C22)/(C7))
A47: DB m/tilskot etter maskinkostnader | B47: Utrekna | C47: =IF((C7)=0,0,(C28)/(C7)) | D47: kr | E47: DB m/tilskot etter maskinkostnader = DB m/tilskot etter maskinkostnader [C28] ÷ Tal dekar [C7] | F47: =IF((C7)=0,0,(C28)/(C7))
A48: 6. OUTPUT – Nøkkeltal
A49: DB pr dekar u/tilskot | B49: Utrekna | C49: =IF((C7)=0,0,(C26)/(C7)) | D49: kr | E49: DB pr dekar u/tilskot = Dekningsbidrag (DB) utan tilskot [C26] ÷ Tal dekar [C7] | F49: =IF((C7)=0,0,(C26)/(C7))
A50: DB pr dekar m/tilskot | B50: Utrekna | C50: =IF((C7)=0,0,(C27)/(C7)) | D50: kr | E50: DB pr dekar m/tilskot = Dekningsbidrag (DB) med tilskot [C27] ÷ Tal dekar [C7] | F50: =IF((C7)=0,0,(C27)/(C7))
A51: Oppnådd pris pr kg | B51: Utrekna | C51: =IF((C9)=0,0,(C12)/(C9)) | D51: kr | E51: Oppnådd pris pr kg = Sal av korn [C12] ÷ Seld mengd [C9] | F51: =IF((C9)=0,0,(C12)/(C9))
A52: Avling pr dekar (kg) | B52: Utrekna | C52: =IF((C7)=0,0,(C8)/(C7)) | D52: kg | E52: Avling pr dekar (kg) = Avling totalt [C8] ÷ Tal dekar [C7] | F52: =IF((C7)=0,0,(C8)/(C7))
A53: Maskinkostnader pr dekar | B53: Utrekna | C53: =IF((C7)=0,0,(C22)/(C7)) | D53: kr | E53: Maskinkostnader pr dekar = Maskinkostnader fordelt [C22] ÷ Tal dekar [C7] | F53: =IF((C7)=0,0,(C22)/(C7))
A54: DB etter maskinkostnader pr dekar | B54: Utrekna | C54: =IF((C7)=0,0,(C28)/(C7)) | D54: kr | E54: DB etter maskinkostnader pr dekar = DB m/tilskot etter maskinkostnader [C28] ÷ Tal dekar [C7] | F54: =IF((C7)=0,0,(C28)/(C7))

Sheet Silofor
A1: Sal av silofôr / rundballar – driftsgrein 1522-1523
A2: Areal der graset blir selt som silofôr/rundballar (driftsgrein 1522–1523). Eksempeltal frå vedlagt analyse 2025.
A3: Fargekodar: blå tal på gul botn = input (skal fyllast inn) · svart = formel · grøn = lenkje frå anna ark. Alle kronebeløp er positive (inntekt og kostnad).
A5: Post | B5: Kjelde / Tripletex-konto | C5: Verdi | D5: Eining | E5: Formel forklart (korleis outputen blir rekna) | F5: Excel-formel
A6: 1. INPUT – Produksjonsdata
A7: Tal dekar | B7: Produksjonstabell / søknad om produksjonstilskot | C7: 50 | D7: da | E7: Input. Hentast frå: Produksjonstabell / søknad om produksjonstilskot.
A8: Avling totalt | B8: Produksjonstabell / avlingsregistrering | C8: 0 | D8: kg | E8: Input. Hentast frå: Produksjonstabell / avlingsregistrering.
A9: Seld mengd | B9: Mengde 1/2 på salskonto (3095) | C9: 0 | D9: kg | E9: Input. Hentast frå: Mengde 1/2 på salskonto (3095).
A10: Tal siloballar seld | B10: Mengde 1 på konto 3095 | C10: 253 | D10: stk | E10: Input. Hentast frå: Mengde 1 på konto 3095.
A11: Auke i varelager (kg) | B11: Mengde på konto 4297/1447 (.472) | C11: 0 | D11: kg | E11: Input. Hentast frå: Mengde på konto 4297/1447 (.472).
A12: 2. INPUT – Rekneskapstal (kr) frå saldobalansen etter korrigeringar
A13: Produksjonstilskot fordelt på produksjonen | B13: 34xx (ikkje 344x avløysartilskot) | C13: 28980.38 | D13: kr | E13: Input. Hentast frå: 34xx (ikkje 344x avløysartilskot).
A14: Sal av silofôr | B14: 3095 | C14: 206400 | D14: kr | E14: Input. Hentast frå: 3095.
A15: Beholdningsendring ferdigvarer (+ = auke) | B15: 4290-4298 (forteikn snudd) | C15: -15000 | D15: kr | E15: Input. Hentast frå: 4290-4298 (forteikn snudd).
A16: Andre inntekter | B16: andre 3xxx kopla til produksjonen | C16: 0 | D16: kr | E16: Input. Hentast frå: andre 3xxx kopla til produksjonen.
A17: Variable kostnader
A18: Gjødsel og kalk | B18: 4050, 4057, 4095 | C18: 21666.4 | D18: kr | E18: Input. Hentast frå: 4050, 4057, 4095.
A19: Plantevernmiddel | B19: 4110, 4111, 4191 | C19: 1223.77 | D19: kr | E19: Input. Hentast frå: 4110, 4111, 4191.
A20: Grasfrø | B20: 4001 | C20: 4021 | D20: kr | E20: Input. Hentast frå: 4001.
A21: Andre variable kostnader | B21: 4540-4549, 4160 + andre 4xxx | C21: 15758.5 | D21: kr | E21: Input. Hentast frå: 4540-4549, 4160 + andre 4xxx.
A22: 3. INPUT – Fordelte faste kostnader (lenka frå arket «Faste kostnader»)
A23: Maskinkostnader fordelt | B23: Lenkje frå anna ark | C23: ='Faste kostnader'!C38 | D23: kr | E23: Maskinkostnader fordelt = Maskinkostnader – Silofor [Faste kostnader!C38] | F23: ='Faste kostnader'!C38
A24: 4. UTREKNING – Totalt for produksjonen
A25: Produksjonsinntekter i alt | B25: Utrekna | C25: =C14+C15+C16 | D25: kr | E25: Produksjonsinntekter i alt = Sal av silofôr [C14] + Beholdningsendring ferdigvarer (+ = auke) [C15] + Andre inntekter [C16] | F25: =C14+C15+C16
A26: Variable kostnader i alt | B26: Utrekna | C26: =C18+C19+C20+C21 | D26: kr | E26: Variable kostnader i alt = Gjødsel og kalk [C18] + Plantevernmiddel [C19] + Grasfrø [C20] + Andre variable kostnader [C21] | F26: =C18+C19+C20+C21
A27: Dekningsbidrag (DB) utan tilskot | B27: Utrekna | C27: =C25-C26 | D27: kr | E27: Dekningsbidrag (DB) utan tilskot = Produksjonsinntekter i alt [C25] − Variable kostnader i alt [C26] | F27: =C25-C26
A28: Dekningsbidrag (DB) med tilskot | B28: Utrekna | C28: =C27+C13 | D28: kr | E28: Dekningsbidrag (DB) med tilskot = Dekningsbidrag (DB) utan tilskot [C27] + Produksjonstilskot fordelt på produksjonen [C13] | F28: =C27+C13
A29: DB m/tilskot etter maskinkostnader | B29: Utrekna | C29: =C28-C23 | D29: kr | E29: DB m/tilskot etter maskinkostnader = Dekningsbidrag (DB) med tilskot [C28] − Maskinkostnader fordelt [C23] | F29: =C28-C23
A30: 5. OUTPUT – Per eining (pr dekar)
A31: Produksjonsinntekter pr dekar
A32: Sal av silofôr | B32: Utrekna | C32: =IF((C7)=0,0,(C14)/(C7)) | D32: kr | E32: Sal av silofôr = Sal av silofôr [C14] ÷ Tal dekar [C7] | F32: =IF((C7)=0,0,(C14)/(C7))
A33: Beholdningsendring ferdigvarer (+ = auke) | B33: Utrekna | C33: =IF((C7)=0,0,(C15)/(C7)) | D33: kr | E33: Beholdningsendring ferdigvarer (+ = auke) = Beholdningsendring ferdigvarer (+ = auke) [C15] ÷ Tal dekar [C7] | F33: =IF((C7)=0,0,(C15)/(C7))
A34: Andre inntekter | B34: Utrekna | C34: =IF((C7)=0,0,(C16)/(C7)) | D34: kr | E34: Andre inntekter = Andre inntekter [C16] ÷ Tal dekar [C7] | F34: =IF((C7)=0,0,(C16)/(C7))
A35: Produksjonsinntekter i alt | B35: Utrekna | C35: =IF((C7)=0,0,(C25)/(C7)) | D35: kr | E35: Produksjonsinntekter i alt = Produksjonsinntekter i alt [C25] ÷ Tal dekar [C7] | F35: =IF((C7)=0,0,(C25)/(C7))
A36: Variable kostnader pr dekar
A37: Gjødsel og kalk | B37: Utrekna | C37: =IF((C7)=0,0,(C18)/(C7)) | D37: kr | E37: Gjødsel og kalk = Gjødsel og kalk [C18] ÷ Tal dekar [C7] | F37: =IF((C7)=0,0,(C18)/(C7))
A38: Plantevernmiddel | B38: Utrekna | C38: =IF((C7)=0,0,(C19)/(C7)) | D38: kr | E38: Plantevernmiddel = Plantevernmiddel [C19] ÷ Tal dekar [C7] | F38: =IF((C7)=0,0,(C19)/(C7))
A39: Grasfrø | B39: Utrekna | C39: =IF((C7)=0,0,(C20)/(C7)) | D39: kr | E39: Grasfrø = Grasfrø [C20] ÷ Tal dekar [C7] | F39: =IF((C7)=0,0,(C20)/(C7))
A40: Andre variable kostnader | B40: Utrekna | C40: =IF((C7)=0,0,(C21)/(C7)) | D40: kr | E40: Andre variable kostnader = Andre variable kostnader [C21] ÷ Tal dekar [C7] | F40: =IF((C7)=0,0,(C21)/(C7))
A41: Sum variable kostnader | B41: Utrekna | C41: =IF((C7)=0,0,(C26)/(C7)) | D41: kr | E41: Sum variable kostnader = Variable kostnader i alt [C26] ÷ Tal dekar [C7] | F41: =IF((C7)=0,0,(C26)/(C7))
A42: Resultat pr dekar
A43: DB utan tilskot | B43: Utrekna | C43: =IF((C7)=0,0,(C27)/(C7)) | D43: kr | E43: DB utan tilskot = Dekningsbidrag (DB) utan tilskot [C27] ÷ Tal dekar [C7] | F43: =IF((C7)=0,0,(C27)/(C7))
A44: Tilskot | B44: Utrekna | C44: =IF((C7)=0,0,(C13)/(C7)) | D44: kr | E44: Tilskot = Produksjonstilskot fordelt på produksjonen [C13] ÷ Tal dekar [C7] | F44: =IF((C7)=0,0,(C13)/(C7))
A45: DB med tilskot | B45: Utrekna | C45: =IF((C7)=0,0,(C28)/(C7)) | D45: kr | E45: DB med tilskot = Dekningsbidrag (DB) med tilskot [C28] ÷ Tal dekar [C7] | F45: =IF((C7)=0,0,(C28)/(C7))
A46: Maskinkostnader | B46: Utrekna | C46: =IF((C7)=0,0,(C23)/(C7)) | D46: kr | E46: Maskinkostnader = Maskinkostnader fordelt [C23] ÷ Tal dekar [C7] | F46: =IF((C7)=0,0,(C23)/(C7))
A47: DB m/tilskot etter maskinkostnader | B47: Utrekna | C47: =IF((C7)=0,0,(C29)/(C7)) | D47: kr | E47: DB m/tilskot etter maskinkostnader = DB m/tilskot etter maskinkostnader [C29] ÷ Tal dekar [C7] | F47: =IF((C7)=0,0,(C29)/(C7))
A48: 6. OUTPUT – Nøkkeltal
A49: DB pr dekar u/tilskot | B49: Utrekna | C49: =IF((C7)=0,0,(C27)/(C7)) | D49: kr | E49: DB pr dekar u/tilskot = Dekningsbidrag (DB) utan tilskot [C27] ÷ Tal dekar [C7] | F49: =IF((C7)=0,0,(C27)/(C7))
A50: DB pr dekar m/tilskot | B50: Utrekna | C50: =IF((C7)=0,0,(C28)/(C7)) | D50: kr | E50: DB pr dekar m/tilskot = Dekningsbidrag (DB) med tilskot [C28] ÷ Tal dekar [C7] | F50: =IF((C7)=0,0,(C28)/(C7))
A51: Oppnådd pris pr kg | B51: Utrekna | C51: =IF((C9)=0,0,(C14)/(C9)) | D51: kr | E51: Oppnådd pris pr kg = Sal av silofôr [C14] ÷ Seld mengd [C9] | F51: =IF((C9)=0,0,(C14)/(C9))
A52: Avling pr dekar (kg) | B52: Utrekna | C52: =IF((C7)=0,0,(C8)/(C7)) | D52: kg | E52: Avling pr dekar (kg) = Avling totalt [C8] ÷ Tal dekar [C7] | F52: =IF((C7)=0,0,(C8)/(C7))
A53: Maskinkostnader pr dekar | B53: Utrekna | C53: =IF((C7)=0,0,(C23)/(C7)) | D53: kr | E53: Maskinkostnader pr dekar = Maskinkostnader fordelt [C23] ÷ Tal dekar [C7] | F53: =IF((C7)=0,0,(C23)/(C7))
A54: DB etter maskinkostnader pr dekar | B54: Utrekna | C54: =IF((C7)=0,0,(C29)/(C7)) | D54: kr | E54: DB etter maskinkostnader pr dekar = DB m/tilskot etter maskinkostnader [C29] ÷ Tal dekar [C7] | F54: =IF((C7)=0,0,(C29)/(C7))
A55: Oppnådd pris pr siloballe | B55: Utrekna | C55: =IF((C10)=0,0,(C14)/(C10)) | D55: kr | E55: Oppnådd pris pr siloballe = Sal av silofôr [C14] ÷ Tal siloballar seld [C10] | F55: =IF((C10)=0,0,(C14)/(C10))
A56: Tal siloballar pr dekar | B56: Utrekna | C56: =IF((C7)=0,0,(C10+C11/750)/(C7)) | D56: stk | E56: Tal siloballar pr dekar = (Tal siloballar seld [C10] + Auke i varelager (kg) [C11] / 750) ÷ Tal dekar [C7] (Lagerauke i kg er rekna om til ballar med 750 kg pr balle) | F56: =IF((C7)=0,0,(C10+C11/750)/(C7))

Sheet Høy
A1: Sal av høy – driftsgrein 1510-1513
A2: Areal der graset blir selt som høy (driftsgrein 1510–1513).
A3: Fargekodar: blå tal på gul botn = input (skal fyllast inn) · svart = formel · grøn = lenkje frå anna ark. Alle kronebeløp er positive (inntekt og kostnad).
A5: Post | B5: Kjelde / Tripletex-konto | C5: Verdi | D5: Eining | E5: Formel forklart (korleis outputen blir rekna) | F5: Excel-formel
A6: 1. INPUT – Produksjonsdata
A7: Tal dekar | B7: Produksjonstabell / søknad om produksjonstilskot | C7: 20 | D7: da | E7: Input. Hentast frå: Produksjonstabell / søknad om produksjonstilskot.
A8: Avling totalt | B8: Produksjonstabell / avlingsregistrering | C8: 12000 | D8: kg | E8: Input. Hentast frå: Produksjonstabell / avlingsregistrering.
A9: Seld mengd | B9: Mengde 1/2 på salskonto (3094) | C9: 10000 | D9: kg | E9: Input. Hentast frå: Mengde 1/2 på salskonto (3094).
A10: 2. INPUT – Rekneskapstal (kr) frå saldobalansen etter korrigeringar
A11: Produksjonstilskot fordelt på produksjonen | B11: 34xx (ikkje 344x avløysartilskot) | C11: 8000 | D11: kr | E11: Input. Hentast frå: 34xx (ikkje 344x avløysartilskot).
A12: Sal av høy | B12: 3094 | C12: 30000 | D12: kr | E12: Input. Hentast frå: 3094.
A13: Beholdningsendring ferdigvarer (+ = auke) | B13: 4290-4298 (forteikn snudd) | C13: 2000 | D13: kr | E13: Input. Hentast frå: 4290-4298 (forteikn snudd).
A14: Andre inntekter | B14: andre 3xxx kopla til produksjonen | C14: 0 | D14: kr | E14: Input. Hentast frå: andre 3xxx kopla til produksjonen.
A15: Variable kostnader
A16: Gjødsel og kalk | B16: 4050, 4057, 4095 | C16: 8000 | D16: kr | E16: Input. Hentast frå: 4050, 4057, 4095.
A17: Plantevernmiddel | B17: 4110, 4111, 4191 | C17: 0 | D17: kr | E17: Input. Hentast frå: 4110, 4111, 4191.
A18: Grasfrø | B18: 4001 | C18: 1000 | D18: kr | E18: Input. Hentast frå: 4001.
A19: Andre variable kostnader | B19: 4540-4549, 4160 + andre 4xxx | C19: 3000 | D19: kr | E19: Input. Hentast frå: 4540-4549, 4160 + andre 4xxx.
A20: 3. INPUT – Fordelte faste kostnader (lenka frå arket «Faste kostnader»)
A21: Maskinkostnader fordelt | B21: Lenkje frå anna ark | C21: ='Faste kostnader'!C39 | D21: kr | E21: Maskinkostnader fordelt = Maskinkostnader – Høy [Faste kostnader!C39] | F21: ='Faste kostnader'!C39
A22: 4. UTREKNING – Totalt for produksjonen
A23: Produksjonsinntekter i alt | B23: Utrekna | C23: =C12+C13+C14 | D23: kr | E23: Produksjonsinntekter i alt = Sal av høy [C12] + Beholdningsendring ferdigvarer (+ = auke) [C13] + Andre inntekter [C14] | F23: =C12+C13+C14
A24: Variable kostnader i alt | B24: Utrekna | C24: =C16+C17+C18+C19 | D24: kr | E24: Variable kostnader i alt = Gjødsel og kalk [C16] + Plantevernmiddel [C17] + Grasfrø [C18] + Andre variable kostnader [C19] | F24: =C16+C17+C18+C19
A25: Dekningsbidrag (DB) utan tilskot | B25: Utrekna | C25: =C23-C24 | D25: kr | E25: Dekningsbidrag (DB) utan tilskot = Produksjonsinntekter i alt [C23] − Variable kostnader i alt [C24] | F25: =C23-C24
A26: Dekningsbidrag (DB) med tilskot | B26: Utrekna | C26: =C25+C11 | D26: kr | E26: Dekningsbidrag (DB) med tilskot = Dekningsbidrag (DB) utan tilskot [C25] + Produksjonstilskot fordelt på produksjonen [C11] | F26: =C25+C11
A27: DB m/tilskot etter maskinkostnader | B27: Utrekna | C27: =C26-C21 | D27: kr | E27: DB m/tilskot etter maskinkostnader = Dekningsbidrag (DB) med tilskot [C26] − Maskinkostnader fordelt [C21] | F27: =C26-C21
A28: 5. OUTPUT – Per eining (pr dekar)
A29: Produksjonsinntekter pr dekar
A30: Sal av høy | B30: Utrekna | C30: =IF((C7)=0,0,(C12)/(C7)) | D30: kr | E30: Sal av høy = Sal av høy [C12] ÷ Tal dekar [C7] | F30: =IF((C7)=0,0,(C12)/(C7))
A31: Beholdningsendring ferdigvarer (+ = auke) | B31: Utrekna | C31: =IF((C7)=0,0,(C13)/(C7)) | D31: kr | E31: Beholdningsendring ferdigvarer (+ = auke) = Beholdningsendring ferdigvarer (+ = auke) [C13] ÷ Tal dekar [C7] | F31: =IF((C7)=0,0,(C13)/(C7))
A32: Andre inntekter | B32: Utrekna | C32: =IF((C7)=0,0,(C14)/(C7)) | D32: kr | E32: Andre inntekter = Andre inntekter [C14] ÷ Tal dekar [C7] | F32: =IF((C7)=0,0,(C14)/(C7))
A33: Produksjonsinntekter i alt | B33: Utrekna | C33: =IF((C7)=0,0,(C23)/(C7)) | D33: kr | E33: Produksjonsinntekter i alt = Produksjonsinntekter i alt [C23] ÷ Tal dekar [C7] | F33: =IF((C7)=0,0,(C23)/(C7))
A34: Variable kostnader pr dekar
A35: Gjødsel og kalk | B35: Utrekna | C35: =IF((C7)=0,0,(C16)/(C7)) | D35: kr | E35: Gjødsel og kalk = Gjødsel og kalk [C16] ÷ Tal dekar [C7] | F35: =IF((C7)=0,0,(C16)/(C7))
A36: Plantevernmiddel | B36: Utrekna | C36: =IF((C7)=0,0,(C17)/(C7)) | D36: kr | E36: Plantevernmiddel = Plantevernmiddel [C17] ÷ Tal dekar [C7] | F36: =IF((C7)=0,0,(C17)/(C7))
A37: Grasfrø | B37: Utrekna | C37: =IF((C7)=0,0,(C18)/(C7)) | D37: kr | E37: Grasfrø = Grasfrø [C18] ÷ Tal dekar [C7] | F37: =IF((C7)=0,0,(C18)/(C7))
A38: Andre variable kostnader | B38: Utrekna | C38: =IF((C7)=0,0,(C19)/(C7)) | D38: kr | E38: Andre variable kostnader = Andre variable kostnader [C19] ÷ Tal dekar [C7] | F38: =IF((C7)=0,0,(C19)/(C7))
A39: Sum variable kostnader | B39: Utrekna | C39: =IF((C7)=0,0,(C24)/(C7)) | D39: kr | E39: Sum variable kostnader = Variable kostnader i alt [C24] ÷ Tal dekar [C7] | F39: =IF((C7)=0,0,(C24)/(C7))
A40: Resultat pr dekar
A41: DB utan tilskot | B41: Utrekna | C41: =IF((C7)=0,0,(C25)/(C7)) | D41: kr | E41: DB utan tilskot = Dekningsbidrag (DB) utan tilskot [C25] ÷ Tal dekar [C7] | F41: =IF((C7)=0,0,(C25)/(C7))
A42: Tilskot | B42: Utrekna | C42: =IF((C7)=0,0,(C11)/(C7)) | D42: kr | E42: Tilskot = Produksjonstilskot fordelt på produksjonen [C11] ÷ Tal dekar [C7] | F42: =IF((C7)=0,0,(C11)/(C7))
A43: DB med tilskot | B43: Utrekna | C43: =IF((C7)=0,0,(C26)/(C7)) | D43: kr | E43: DB med tilskot = Dekningsbidrag (DB) med tilskot [C26] ÷ Tal dekar [C7] | F43: =IF((C7)=0,0,(C26)/(C7))
A44: Maskinkostnader | B44: Utrekna | C44: =IF((C7)=0,0,(C21)/(C7)) | D44: kr | E44: Maskinkostnader = Maskinkostnader fordelt [C21] ÷ Tal dekar [C7] | F44: =IF((C7)=0,0,(C21)/(C7))
A45: DB m/tilskot etter maskinkostnader | B45: Utrekna | C45: =IF((C7)=0,0,(C27)/(C7)) | D45: kr | E45: DB m/tilskot etter maskinkostnader = DB m/tilskot etter maskinkostnader [C27] ÷ Tal dekar [C7] | F45: =IF((C7)=0,0,(C27)/(C7))
A46: 6. OUTPUT – Nøkkeltal
A47: DB pr dekar u/tilskot | B47: Utrekna | C47: =IF((C7)=0,0,(C25)/(C7)) | D47: kr | E47: DB pr dekar u/tilskot = Dekningsbidrag (DB) utan tilskot [C25] ÷ Tal dekar [C7] | F47: =IF((C7)=0,0,(C25)/(C7))
A48: DB pr dekar m/tilskot | B48: Utrekna | C48: =IF((C7)=0,0,(C26)/(C7)) | D48: kr | E48: DB pr dekar m/tilskot = Dekningsbidrag (DB) med tilskot [C26] ÷ Tal dekar [C7] | F48: =IF((C7)=0,0,(C26)/(C7))
A49: Oppnådd pris pr kg | B49: Utrekna | C49: =IF((C9)=0,0,(C12)/(C9)) | D49: kr | E49: Oppnådd pris pr kg = Sal av høy [C12] ÷ Seld mengd [C9] | F49: =IF((C9)=0,0,(C12)/(C9))
A50: Avling pr dekar (kg) | B50: Utrekna | C50: =IF((C7)=0,0,(C8)/(C7)) | D50: kg | E50: Avling pr dekar (kg) = Avling totalt [C8] ÷ Tal dekar [C7] | F50: =IF((C7)=0,0,(C8)/(C7))
A51: Maskinkostnader pr dekar | B51: Utrekna | C51: =IF((C7)=0,0,(C21)/(C7)) | D51: kr | E51: Maskinkostnader pr dekar = Maskinkostnader fordelt [C21] ÷ Tal dekar [C7] | F51: =IF((C7)=0,0,(C21)/(C7))
A52: DB etter maskinkostnader pr dekar | B52: Utrekna | C52: =IF((C7)=0,0,(C27)/(C7)) | D52: kr | E52: DB etter maskinkostnader pr dekar = DB m/tilskot etter maskinkostnader [C27] ÷ Tal dekar [C7] | F52: =IF((C7)=0,0,(C27)/(C7))

Sheet Potet
A1: Potetproduksjon – driftsgrein 2100-2130
A2: Matpotet og settepotet (driftsgrein 2100–2130).
A3: Fargekodar: blå tal på gul botn = input (skal fyllast inn) · svart = formel · grøn = lenkje frå anna ark. Alle kronebeløp er positive (inntekt og kostnad).
A5: Post | B5: Kjelde / Tripletex-konto | C5: Verdi | D5: Eining | E5: Formel forklart (korleis outputen blir rekna) | F5: Excel-formel
A6: 1. INPUT – Produksjonsdata
A7: Tal dekar | B7: Produksjonstabell / søknad om produksjonstilskot | C7: 30 | D7: da | E7: Input. Hentast frå: Produksjonstabell / søknad om produksjonstilskot.
A8: Avling totalt | B8: Produksjonstabell / avlingsregistrering | C8: 75000 | D8: kg | E8: Input. Hentast frå: Produksjonstabell / avlingsregistrering.
A9: Seld mengd | B9: Mengde 1/2 på salskonto (3010-3011) | C9: 60000 | D9: kg | E9: Input. Hentast frå: Mengde 1/2 på salskonto (3010-3011).
A10: 2. INPUT – Rekneskapstal (kr) frå saldobalansen etter korrigeringar
A11: Produksjonstilskot fordelt på produksjonen | B11: 34xx (ikkje 344x avløysartilskot) | C11: 25000 | D11: kr | E11: Input. Hentast frå: 34xx (ikkje 344x avløysartilskot).
A12: Sal av potet | B12: 3010-3011 | C12: 312000 | D12: kr | E12: Input. Hentast frå: 3010-3011.
A13: Beholdningsendring ferdigvarer (+ = auke) | B13: 4290-4298 (forteikn snudd) | C13: 15000 | D13: kr | E13: Input. Hentast frå: 4290-4298 (forteikn snudd).
A14: Andre inntekter | B14: andre 3xxx kopla til produksjonen | C14: 0 | D14: kr | E14: Input. Hentast frå: andre 3xxx kopla til produksjonen.
A15: Variable kostnader
A16: Gjødsel og kalk | B16: 4050, 4057, 4095 | C16: 21000 | D16: kr | E16: Input. Hentast frå: 4050, 4057, 4095.
A17: Plantevernmiddel | B17: 4110, 4111, 4191 | C17: 24000 | D17: kr | E17: Input. Hentast frå: 4110, 4111, 4191.
A18: Settepotet | B18: 4010, 4091 | C18: 45000 | D18: kr | E18: Input. Hentast frå: 4010, 4091.
A19: Emballasje | B19: 4140-4142, 4194 | C19: 30000 | D19: kr | E19: Input. Hentast frå: 4140-4142, 4194.
A20: Andre variable kostnader | B20: 4540-4549, 4160 + andre 4xxx | C20: 20000 | D20: kr | E20: Input. Hentast frå: 4540-4549, 4160 + andre 4xxx.
A21: 3. INPUT – Fordelte faste kostnader (lenka frå arket «Faste kostnader»)
A22: Maskinkostnader fordelt | B22: Lenkje frå anna ark | C22: ='Faste kostnader'!C40 | D22: kr | E22: Maskinkostnader fordelt = Maskinkostnader – Potet [Faste kostnader!C40] | F22: ='Faste kostnader'!C40
A23: 4. UTREKNING – Totalt for produksjonen
A24: Produksjonsinntekter i alt | B24: Utrekna | C24: =C12+C13+C14 | D24: kr | E24: Produksjonsinntekter i alt = Sal av potet [C12] + Beholdningsendring ferdigvarer (+ = auke) [C13] + Andre inntekter [C14] | F24: =C12+C13+C14
A25: Variable kostnader i alt | B25: Utrekna | C25: =C16+C17+C18+C19+C20 | D25: kr | E25: Variable kostnader i alt = Gjødsel og kalk [C16] + Plantevernmiddel [C17] + Settepotet [C18] + Emballasje [C19] + Andre variable kostnader [C20] | F25: =C16+C17+C18+C19+C20
A26: Dekningsbidrag (DB) utan tilskot | B26: Utrekna | C26: =C24-C25 | D26: kr | E26: Dekningsbidrag (DB) utan tilskot = Produksjonsinntekter i alt [C24] − Variable kostnader i alt [C25] | F26: =C24-C25
A27: Dekningsbidrag (DB) med tilskot | B27: Utrekna | C27: =C26+C11 | D27: kr | E27: Dekningsbidrag (DB) med tilskot = Dekningsbidrag (DB) utan tilskot [C26] + Produksjonstilskot fordelt på produksjonen [C11] | F27: =C26+C11
A28: DB m/tilskot etter maskinkostnader | B28: Utrekna | C28: =C27-C22 | D28: kr | E28: DB m/tilskot etter maskinkostnader = Dekningsbidrag (DB) med tilskot [C27] − Maskinkostnader fordelt [C22] | F28: =C27-C22
A29: 5. OUTPUT – Per eining (pr dekar)
A30: Produksjonsinntekter pr dekar
A31: Sal av potet | B31: Utrekna | C31: =IF((C7)=0,0,(C12)/(C7)) | D31: kr | E31: Sal av potet = Sal av potet [C12] ÷ Tal dekar [C7] | F31: =IF((C7)=0,0,(C12)/(C7))
A32: Beholdningsendring ferdigvarer (+ = auke) | B32: Utrekna | C32: =IF((C7)=0,0,(C13)/(C7)) | D32: kr | E32: Beholdningsendring ferdigvarer (+ = auke) = Beholdningsendring ferdigvarer (+ = auke) [C13] ÷ Tal dekar [C7] | F32: =IF((C7)=0,0,(C13)/(C7))
A33: Andre inntekter | B33: Utrekna | C33: =IF((C7)=0,0,(C14)/(C7)) | D33: kr | E33: Andre inntekter = Andre inntekter [C14] ÷ Tal dekar [C7] | F33: =IF((C7)=0,0,(C14)/(C7))
A34: Produksjonsinntekter i alt | B34: Utrekna | C34: =IF((C7)=0,0,(C24)/(C7)) | D34: kr | E34: Produksjonsinntekter i alt = Produksjonsinntekter i alt [C24] ÷ Tal dekar [C7] | F34: =IF((C7)=0,0,(C24)/(C7))
A35: Variable kostnader pr dekar
A36: Gjødsel og kalk | B36: Utrekna | C36: =IF((C7)=0,0,(C16)/(C7)) | D36: kr | E36: Gjødsel og kalk = Gjødsel og kalk [C16] ÷ Tal dekar [C7] | F36: =IF((C7)=0,0,(C16)/(C7))
A37: Plantevernmiddel | B37: Utrekna | C37: =IF((C7)=0,0,(C17)/(C7)) | D37: kr | E37: Plantevernmiddel = Plantevernmiddel [C17] ÷ Tal dekar [C7] | F37: =IF((C7)=0,0,(C17)/(C7))
A38: Settepotet | B38: Utrekna | C38: =IF((C7)=0,0,(C18)/(C7)) | D38: kr | E38: Settepotet = Settepotet [C18] ÷ Tal dekar [C7] | F38: =IF((C7)=0,0,(C18)/(C7))
A39: Emballasje | B39: Utrekna | C39: =IF((C7)=0,0,(C19)/(C7)) | D39: kr | E39: Emballasje = Emballasje [C19] ÷ Tal dekar [C7] | F39: =IF((C7)=0,0,(C19)/(C7))
A40: Andre variable kostnader | B40: Utrekna | C40: =IF((C7)=0,0,(C20)/(C7)) | D40: kr | E40: Andre variable kostnader = Andre variable kostnader [C20] ÷ Tal dekar [C7] | F40: =IF((C7)=0,0,(C20)/(C7))
A41: Sum variable kostnader | B41: Utrekna | C41: =IF((C7)=0,0,(C25)/(C7)) | D41: kr | E41: Sum variable kostnader = Variable kostnader i alt [C25] ÷ Tal dekar [C7] | F41: =IF((C7)=0,0,(C25)/(C7))
A42: Resultat pr dekar
A43: DB utan tilskot | B43: Utrekna | C43: =IF((C7)=0,0,(C26)/(C7)) | D43: kr | E43: DB utan tilskot = Dekningsbidrag (DB) utan tilskot [C26] ÷ Tal dekar [C7] | F43: =IF((C7)=0,0,(C26)/(C7))
A44: Tilskot | B44: Utrekna | C44: =IF((C7)=0,0,(C11)/(C7)) | D44: kr | E44: Tilskot = Produksjonstilskot fordelt på produksjonen [C11] ÷ Tal dekar [C7] | F44: =IF((C7)=0,0,(C11)/(C7))
A45: DB med tilskot | B45: Utrekna | C45: =IF((C7)=0,0,(C27)/(C7)) | D45: kr | E45: DB med tilskot = Dekningsbidrag (DB) med tilskot [C27] ÷ Tal dekar [C7] | F45: =IF((C7)=0,0,(C27)/(C7))
A46: Maskinkostnader | B46: Utrekna | C46: =IF((C7)=0,0,(C22)/(C7)) | D46: kr | E46: Maskinkostnader = Maskinkostnader fordelt [C22] ÷ Tal dekar [C7] | F46: =IF((C7)=0,0,(C22)/(C7))
A47: DB m/tilskot etter maskinkostnader | B47: Utrekna | C47: =IF((C7)=0,0,(C28)/(C7)) | D47: kr | E47: DB m/tilskot etter maskinkostnader = DB m/tilskot etter maskinkostnader [C28] ÷ Tal dekar [C7] | F47: =IF((C7)=0,0,(C28)/(C7))
A48: 6. OUTPUT – Nøkkeltal
A49: DB pr dekar u/tilskot | B49: Utrekna | C49: =IF((C7)=0,0,(C26)/(C7)) | D49: kr | E49: DB pr dekar u/tilskot = Dekningsbidrag (DB) utan tilskot [C26] ÷ Tal dekar [C7] | F49: =IF((C7)=0,0,(C26)/(C7))
A50: DB pr dekar m/tilskot | B50: Utrekna | C50: =IF((C7)=0,0,(C27)/(C7)) | D50: kr | E50: DB pr dekar m/tilskot = Dekningsbidrag (DB) med tilskot [C27] ÷ Tal dekar [C7] | F50: =IF((C7)=0,0,(C27)/(C7))
A51: Oppnådd pris pr kg | B51: Utrekna | C51: =IF((C9)=0,0,(C12)/(C9)) | D51: kr | E51: Oppnådd pris pr kg = Sal av potet [C12] ÷ Seld mengd [C9] | F51: =IF((C9)=0,0,(C12)/(C9))
A52: Avling pr dekar (kg) | B52: Utrekna | C52: =IF((C7)=0,0,(C8)/(C7)) | D52: kg | E52: Avling pr dekar (kg) = Avling totalt [C8] ÷ Tal dekar [C7] | F52: =IF((C7)=0,0,(C8)/(C7))
A53: Maskinkostnader pr dekar | B53: Utrekna | C53: =IF((C7)=0,0,(C22)/(C7)) | D53: kr | E53: Maskinkostnader pr dekar = Maskinkostnader fordelt [C22] ÷ Tal dekar [C7] | F53: =IF((C7)=0,0,(C22)/(C7))
A54: DB etter maskinkostnader pr dekar | B54: Utrekna | C54: =IF((C7)=0,0,(C28)/(C7)) | D54: kr | E54: DB etter maskinkostnader pr dekar = DB m/tilskot etter maskinkostnader [C28] ÷ Tal dekar [C7] | F54: =IF((C7)=0,0,(C28)/(C7))

Sheet Agurk
A1: Agurk i veksthus – driftsgrein 3300-3330
A2: Veksthusagurk (driftsgrein 3300–3330). Nøkkeltal pr m².
A3: Fargekodar: blå tal på gul botn = input (skal fyllast inn) · svart = formel · grøn = lenkje frå anna ark. Alle kronebeløp er positive (inntekt og kostnad).
A5: Post | B5: Kjelde / Tripletex-konto | C5: Verdi | D5: Eining | E5: Formel forklart (korleis outputen blir rekna) | F5: Excel-formel
A6: 1. INPUT – Produksjonsdata
A7: Tal m² | B7: Produksjonstabell / søknad om produksjonstilskot | C7: 2000 | D7: m2 | E7: Input. Hentast frå: Produksjonstabell / søknad om produksjonstilskot.
A8: Avling totalt | B8: Produksjonstabell / avlingsregistrering | C8: 100000 | D8: kg | E8: Input. Hentast frå: Produksjonstabell / avlingsregistrering.
A9: Seld mengd | B9: Mengde 1/2 på salskonto (3019) | C9: 98000 | D9: kg | E9: Input. Hentast frå: Mengde 1/2 på salskonto (3019).
A10: 2. INPUT – Rekneskapstal (kr) frå saldobalansen etter korrigeringar
A11: Produksjonstilskot fordelt på produksjonen | B11: 34xx (ikkje 344x avløysartilskot) | C11: 0 | D11: kr | E11: Input. Hentast frå: 34xx (ikkje 344x avløysartilskot).
A12: Sal av agurk | B12: 3019 | C12: 1274000 | D12: kr | E12: Input. Hentast frå: 3019.
A13: Beholdningsendring ferdigvarer (+ = auke) | B13: 4290-4298 (forteikn snudd) | C13: 0 | D13: kr | E13: Input. Hentast frå: 4290-4298 (forteikn snudd).
A14: Andre inntekter | B14: andre 3xxx kopla til produksjonen | C14: 0 | D14: kr | E14: Input. Hentast frå: andre 3xxx kopla til produksjonen.
A15: Variable kostnader
A16: Gjødsel og kalk | B16: 4050, 4057, 4095 | C16: 60000 | D16: kr | E16: Input. Hentast frå: 4050, 4057, 4095.
A17: Plantevernmiddel | B17: 4110, 4111, 4191 | C17: 15000 | D17: kr | E17: Input. Hentast frå: 4110, 4111, 4191.
A18: Frø / planter | B18: 4019 | C18: 90000 | D18: kr | E18: Input. Hentast frå: 4019.
A19: Emballasje | B19: 4140-4142, 4194 | C19: 70000 | D19: kr | E19: Input. Hentast frå: 4140-4142, 4194.
A20: Brensel, energi (veksthus) | B20: 6200-6249 når kopla til produksjonen | C20: 380000 | D20: kr | E20: Input. Hentast frå: 6200-6249 når kopla til produksjonen.
A21: Andre variable kostnader | B21: 4540-4549, 4160 + andre 4xxx | C21: 120000 | D21: kr | E21: Input. Hentast frå: 4540-4549, 4160 + andre 4xxx.
A22: 3. INPUT – Fordelte faste kostnader (lenka frå arket «Faste kostnader»)
A23: Maskinkostnader fordelt | B23: Lenkje frå anna ark | C23: ='Faste kostnader'!C41 | D23: kr | E23: Maskinkostnader fordelt = Maskinkostnader – Agurk [Faste kostnader!C41] | F23: ='Faste kostnader'!C41
A24: 4. UTREKNING – Totalt for produksjonen
A25: Produksjonsinntekter i alt | B25: Utrekna | C25: =C12+C13+C14 | D25: kr | E25: Produksjonsinntekter i alt = Sal av agurk [C12] + Beholdningsendring ferdigvarer (+ = auke) [C13] + Andre inntekter [C14] | F25: =C12+C13+C14
A26: Variable kostnader i alt | B26: Utrekna | C26: =C16+C17+C18+C19+C20+C21 | D26: kr | E26: Variable kostnader i alt = Gjødsel og kalk [C16] + Plantevernmiddel [C17] + Frø / planter [C18] + Emballasje [C19] + Brensel, energi (veksthus) [C20] + Andre variable kostnader [C21] | F26: =C16+C17+C18+C19+C20+C21
A27: Dekningsbidrag (DB) utan tilskot | B27: Utrekna | C27: =C25-C26 | D27: kr | E27: Dekningsbidrag (DB) utan tilskot = Produksjonsinntekter i alt [C25] − Variable kostnader i alt [C26] | F27: =C25-C26
A28: Dekningsbidrag (DB) med tilskot | B28: Utrekna | C28: =C27+C11 | D28: kr | E28: Dekningsbidrag (DB) med tilskot = Dekningsbidrag (DB) utan tilskot [C27] + Produksjonstilskot fordelt på produksjonen [C11] | F28: =C27+C11
A29: DB m/tilskot etter maskinkostnader | B29: Utrekna | C29: =C28-C23 | D29: kr | E29: DB m/tilskot etter maskinkostnader = Dekningsbidrag (DB) med tilskot [C28] − Maskinkostnader fordelt [C23] | F29: =C28-C23
A30: 5. OUTPUT – Per eining (pr m²)
A31: Produksjonsinntekter pr m²
A32: Sal av agurk | B32: Utrekna | C32: =IF((C7)=0,0,(C12)/(C7)) | D32: kr | E32: Sal av agurk = Sal av agurk [C12] ÷ Tal m² [C7] | F32: =IF((C7)=0,0,(C12)/(C7))
A33: Beholdningsendring ferdigvarer (+ = auke) | B33: Utrekna | C33: =IF((C7)=0,0,(C13)/(C7)) | D33: kr | E33: Beholdningsendring ferdigvarer (+ = auke) = Beholdningsendring ferdigvarer (+ = auke) [C13] ÷ Tal m² [C7] | F33: =IF((C7)=0,0,(C13)/(C7))
A34: Andre inntekter | B34: Utrekna | C34: =IF((C7)=0,0,(C14)/(C7)) | D34: kr | E34: Andre inntekter = Andre inntekter [C14] ÷ Tal m² [C7] | F34: =IF((C7)=0,0,(C14)/(C7))
A35: Produksjonsinntekter i alt | B35: Utrekna | C35: =IF((C7)=0,0,(C25)/(C7)) | D35: kr | E35: Produksjonsinntekter i alt = Produksjonsinntekter i alt [C25] ÷ Tal m² [C7] | F35: =IF((C7)=0,0,(C25)/(C7))
A36: Variable kostnader pr m²
A37: Gjødsel og kalk | B37: Utrekna | C37: =IF((C7)=0,0,(C16)/(C7)) | D37: kr | E37: Gjødsel og kalk = Gjødsel og kalk [C16] ÷ Tal m² [C7] | F37: =IF((C7)=0,0,(C16)/(C7))
A38: Plantevernmiddel | B38: Utrekna | C38: =IF((C7)=0,0,(C17)/(C7)) | D38: kr | E38: Plantevernmiddel = Plantevernmiddel [C17] ÷ Tal m² [C7] | F38: =IF((C7)=0,0,(C17)/(C7))
A39: Frø / planter | B39: Utrekna | C39: =IF((C7)=0,0,(C18)/(C7)) | D39: kr | E39: Frø / planter = Frø / planter [C18] ÷ Tal m² [C7] | F39: =IF((C7)=0,0,(C18)/(C7))
A40: Emballasje | B40: Utrekna | C40: =IF((C7)=0,0,(C19)/(C7)) | D40: kr | E40: Emballasje = Emballasje [C19] ÷ Tal m² [C7] | F40: =IF((C7)=0,0,(C19)/(C7))
A41: Brensel, energi (veksthus) | B41: Utrekna | C41: =IF((C7)=0,0,(C20)/(C7)) | D41: kr | E41: Brensel, energi (veksthus) = Brensel, energi (veksthus) [C20] ÷ Tal m² [C7] | F41: =IF((C7)=0,0,(C20)/(C7))
A42: Andre variable kostnader | B42: Utrekna | C42: =IF((C7)=0,0,(C21)/(C7)) | D42: kr | E42: Andre variable kostnader = Andre variable kostnader [C21] ÷ Tal m² [C7] | F42: =IF((C7)=0,0,(C21)/(C7))
A43: Sum variable kostnader | B43: Utrekna | C43: =IF((C7)=0,0,(C26)/(C7)) | D43: kr | E43: Sum variable kostnader = Variable kostnader i alt [C26] ÷ Tal m² [C7] | F43: =IF((C7)=0,0,(C26)/(C7))
A44: Resultat pr m²
A45: DB utan tilskot | B45: Utrekna | C45: =IF((C7)=0,0,(C27)/(C7)) | D45: kr | E45: DB utan tilskot = Dekningsbidrag (DB) utan tilskot [C27] ÷ Tal m² [C7] | F45: =IF((C7)=0,0,(C27)/(C7))
A46: Tilskot | B46: Utrekna | C46: =IF((C7)=0,0,(C11)/(C7)) | D46: kr | E46: Tilskot = Produksjonstilskot fordelt på produksjonen [C11] ÷ Tal m² [C7] | F46: =IF((C7)=0,0,(C11)/(C7))
A47: DB med tilskot | B47: Utrekna | C47: =IF((C7)=0,0,(C28)/(C7)) | D47: kr | E47: DB med tilskot = Dekningsbidrag (DB) med tilskot [C28] ÷ Tal m² [C7] | F47: =IF((C7)=0,0,(C28)/(C7))
A48: Maskinkostnader | B48: Utrekna | C48: =IF((C7)=0,0,(C23)/(C7)) | D48: kr | E48: Maskinkostnader = Maskinkostnader fordelt [C23] ÷ Tal m² [C7] | F48: =IF((C7)=0,0,(C23)/(C7))
A49: DB m/tilskot etter maskinkostnader | B49: Utrekna | C49: =IF((C7)=0,0,(C29)/(C7)) | D49: kr | E49: DB m/tilskot etter maskinkostnader = DB m/tilskot etter maskinkostnader [C29] ÷ Tal m² [C7] | F49: =IF((C7)=0,0,(C29)/(C7))
A50: 6. OUTPUT – Nøkkeltal
A51: DB pr m² u/tilskot | B51: Utrekna | C51: =IF((C7)=0,0,(C27)/(C7)) | D51: kr | E51: DB pr m² u/tilskot = Dekningsbidrag (DB) utan tilskot [C27] ÷ Tal m² [C7] | F51: =IF((C7)=0,0,(C27)/(C7))
A52: DB pr m² m/tilskot | B52: Utrekna | C52: =IF((C7)=0,0,(C28)/(C7)) | D52: kr | E52: DB pr m² m/tilskot = Dekningsbidrag (DB) med tilskot [C28] ÷ Tal m² [C7] | F52: =IF((C7)=0,0,(C28)/(C7))
A53: Oppnådd pris pr kg | B53: Utrekna | C53: =IF((C9)=0,0,(C12)/(C9)) | D53: kr | E53: Oppnådd pris pr kg = Sal av agurk [C12] ÷ Seld mengd [C9] | F53: =IF((C9)=0,0,(C12)/(C9))
A54: Avling pr m² (kg) | B54: Utrekna | C54: =IF((C7)=0,0,(C8)/(C7)) | D54: kg | E54: Avling pr m² (kg) = Avling totalt [C8] ÷ Tal m² [C7] | F54: =IF((C7)=0,0,(C8)/(C7))
A55: Maskinkostnader pr m² | B55: Utrekna | C55: =IF((C7)=0,0,(C23)/(C7)) | D55: kr | E55: Maskinkostnader pr m² = Maskinkostnader fordelt [C23] ÷ Tal m² [C7] | F55: =IF((C7)=0,0,(C23)/(C7))
A56: DB etter maskinkostnader pr m² | B56: Utrekna | C56: =IF((C7)=0,0,(C29)/(C7)) | D56: kr | E56: DB etter maskinkostnader pr m² = DB m/tilskot etter maskinkostnader [C29] ÷ Tal m² [C7] | F56: =IF((C7)=0,0,(C29)/(C7))

Sheet Tomat
A1: Tomat i veksthus – driftsgrein 3400-3490
A2: Veksthustomat (driftsgrein 3400–3490). Nøkkeltal pr m².
A3: Fargekodar: blå tal på gul botn = input (skal fyllast inn) · svart = formel · grøn = lenkje frå anna ark. Alle kronebeløp er positive (inntekt og kostnad).
A5: Post | B5: Kjelde / Tripletex-konto | C5: Verdi | D5: Eining | E5: Formel forklart (korleis outputen blir rekna) | F5: Excel-formel
A6: 1. INPUT – Produksjonsdata
A7: Tal m² | B7: Produksjonstabell / søknad om produksjonstilskot | C7: 2500 | D7: m2 | E7: Input. Hentast frå: Produksjonstabell / søknad om produksjonstilskot.
A8: Avling totalt | B8: Produksjonstabell / avlingsregistrering | C8: 110000 | D8: kg | E8: Input. Hentast frå: Produksjonstabell / avlingsregistrering.
A9: Seld mengd | B9: Mengde 1/2 på salskonto (3018) | C9: 108000 | D9: kg | E9: Input. Hentast frå: Mengde 1/2 på salskonto (3018).
A10: 2. INPUT – Rekneskapstal (kr) frå saldobalansen etter korrigeringar
A11: Produksjonstilskot fordelt på produksjonen | B11: 34xx (ikkje 344x avløysartilskot) | C11: 0 | D11: kr | E11: Input. Hentast frå: 34xx (ikkje 344x avløysartilskot).
A12: Sal av tomat | B12: 3018 | C12: 1512000 | D12: kr | E12: Input. Hentast frå: 3018.
A13: Beholdningsendring ferdigvarer (+ = auke) | B13: 4290-4298 (forteikn snudd) | C13: 0 | D13: kr | E13: Input. Hentast frå: 4290-4298 (forteikn snudd).
A14: Andre inntekter | B14: andre 3xxx kopla til produksjonen | C14: 0 | D14: kr | E14: Input. Hentast frå: andre 3xxx kopla til produksjonen.
A15: Variable kostnader
A16: Gjødsel og kalk | B16: 4050, 4057, 4095 | C16: 70000 | D16: kr | E16: Input. Hentast frå: 4050, 4057, 4095.
A17: Plantevernmiddel | B17: 4110, 4111, 4191 | C17: 20000 | D17: kr | E17: Input. Hentast frå: 4110, 4111, 4191.
A18: Frø / planter | B18: 4018 | C18: 110000 | D18: kr | E18: Input. Hentast frå: 4018.
A19: Emballasje | B19: 4140-4142, 4194 | C19: 80000 | D19: kr | E19: Input. Hentast frå: 4140-4142, 4194.
A20: Brensel, energi (veksthus) | B20: 6200-6249 når kopla til produksjonen | C20: 520000 | D20: kr | E20: Input. Hentast frå: 6200-6249 når kopla til produksjonen.
A21: Andre variable kostnader | B21: 4540-4549, 4160 + andre 4xxx | C21: 150000 | D21: kr | E21: Input. Hentast frå: 4540-4549, 4160 + andre 4xxx.
A22: 3. INPUT – Fordelte faste kostnader (lenka frå arket «Faste kostnader»)
A23: Maskinkostnader fordelt | B23: Lenkje frå anna ark | C23: ='Faste kostnader'!C42 | D23: kr | E23: Maskinkostnader fordelt = Maskinkostnader – Tomat [Faste kostnader!C42] | F23: ='Faste kostnader'!C42
A24: 4. UTREKNING – Totalt for produksjonen
A25: Produksjonsinntekter i alt | B25: Utrekna | C25: =C12+C13+C14 | D25: kr | E25: Produksjonsinntekter i alt = Sal av tomat [C12] + Beholdningsendring ferdigvarer (+ = auke) [C13] + Andre inntekter [C14] | F25: =C12+C13+C14
A26: Variable kostnader i alt | B26: Utrekna | C26: =C16+C17+C18+C19+C20+C21 | D26: kr | E26: Variable kostnader i alt = Gjødsel og kalk [C16] + Plantevernmiddel [C17] + Frø / planter [C18] + Emballasje [C19] + Brensel, energi (veksthus) [C20] + Andre variable kostnader [C21] | F26: =C16+C17+C18+C19+C20+C21
A27: Dekningsbidrag (DB) utan tilskot | B27: Utrekna | C27: =C25-C26 | D27: kr | E27: Dekningsbidrag (DB) utan tilskot = Produksjonsinntekter i alt [C25] − Variable kostnader i alt [C26] | F27: =C25-C26
A28: Dekningsbidrag (DB) med tilskot | B28: Utrekna | C28: =C27+C11 | D28: kr | E28: Dekningsbidrag (DB) med tilskot = Dekningsbidrag (DB) utan tilskot [C27] + Produksjonstilskot fordelt på produksjonen [C11] | F28: =C27+C11
A29: DB m/tilskot etter maskinkostnader | B29: Utrekna | C29: =C28-C23 | D29: kr | E29: DB m/tilskot etter maskinkostnader = Dekningsbidrag (DB) med tilskot [C28] − Maskinkostnader fordelt [C23] | F29: =C28-C23
A30: 5. OUTPUT – Per eining (pr m²)
A31: Produksjonsinntekter pr m²
A32: Sal av tomat | B32: Utrekna | C32: =IF((C7)=0,0,(C12)/(C7)) | D32: kr | E32: Sal av tomat = Sal av tomat [C12] ÷ Tal m² [C7] | F32: =IF((C7)=0,0,(C12)/(C7))
A33: Beholdningsendring ferdigvarer (+ = auke) | B33: Utrekna | C33: =IF((C7)=0,0,(C13)/(C7)) | D33: kr | E33: Beholdningsendring ferdigvarer (+ = auke) = Beholdningsendring ferdigvarer (+ = auke) [C13] ÷ Tal m² [C7] | F33: =IF((C7)=0,0,(C13)/(C7))
A34: Andre inntekter | B34: Utrekna | C34: =IF((C7)=0,0,(C14)/(C7)) | D34: kr | E34: Andre inntekter = Andre inntekter [C14] ÷ Tal m² [C7] | F34: =IF((C7)=0,0,(C14)/(C7))
A35: Produksjonsinntekter i alt | B35: Utrekna | C35: =IF((C7)=0,0,(C25)/(C7)) | D35: kr | E35: Produksjonsinntekter i alt = Produksjonsinntekter i alt [C25] ÷ Tal m² [C7] | F35: =IF((C7)=0,0,(C25)/(C7))
A36: Variable kostnader pr m²
A37: Gjødsel og kalk | B37: Utrekna | C37: =IF((C7)=0,0,(C16)/(C7)) | D37: kr | E37: Gjødsel og kalk = Gjødsel og kalk [C16] ÷ Tal m² [C7] | F37: =IF((C7)=0,0,(C16)/(C7))
A38: Plantevernmiddel | B38: Utrekna | C38: =IF((C7)=0,0,(C17)/(C7)) | D38: kr | E38: Plantevernmiddel = Plantevernmiddel [C17] ÷ Tal m² [C7] | F38: =IF((C7)=0,0,(C17)/(C7))
A39: Frø / planter | B39: Utrekna | C39: =IF((C7)=0,0,(C18)/(C7)) | D39: kr | E39: Frø / planter = Frø / planter [C18] ÷ Tal m² [C7] | F39: =IF((C7)=0,0,(C18)/(C7))
A40: Emballasje | B40: Utrekna | C40: =IF((C7)=0,0,(C19)/(C7)) | D40: kr | E40: Emballasje = Emballasje [C19] ÷ Tal m² [C7] | F40: =IF((C7)=0,0,(C19)/(C7))
A41: Brensel, energi (veksthus) | B41: Utrekna | C41: =IF((C7)=0,0,(C20)/(C7)) | D41: kr | E41: Brensel, energi (veksthus) = Brensel, energi (veksthus) [C20] ÷ Tal m² [C7] | F41: =IF((C7)=0,0,(C20)/(C7))
A42: Andre variable kostnader | B42: Utrekna | C42: =IF((C7)=0,0,(C21)/(C7)) | D42: kr | E42: Andre variable kostnader = Andre variable kostnader [C21] ÷ Tal m² [C7] | F42: =IF((C7)=0,0,(C21)/(C7))
A43: Sum variable kostnader | B43: Utrekna | C43: =IF((C7)=0,0,(C26)/(C7)) | D43: kr | E43: Sum variable kostnader = Variable kostnader i alt [C26] ÷ Tal m² [C7] | F43: =IF((C7)=0,0,(C26)/(C7))
A44: Resultat pr m²
A45: DB utan tilskot | B45: Utrekna | C45: =IF((C7)=0,0,(C27)/(C7)) | D45: kr | E45: DB utan tilskot = Dekningsbidrag (DB) utan tilskot [C27] ÷ Tal m² [C7] | F45: =IF((C7)=0,0,(C27)/(C7))
A46: Tilskot | B46: Utrekna | C46: =IF((C7)=0,0,(C11)/(C7)) | D46: kr | E46: Tilskot = Produksjonstilskot fordelt på produksjonen [C11] ÷ Tal m² [C7] | F46: =IF((C7)=0,0,(C11)/(C7))
A47: DB med tilskot | B47: Utrekna | C47: =IF((C7)=0,0,(C28)/(C7)) | D47: kr | E47: DB med tilskot = Dekningsbidrag (DB) med tilskot [C28] ÷ Tal m² [C7] | F47: =IF((C7)=0,0,(C28)/(C7))
A48: Maskinkostnader | B48: Utrekna | C48: =IF((C7)=0,0,(C23)/(C7)) | D48: kr | E48: Maskinkostnader = Maskinkostnader fordelt [C23] ÷ Tal m² [C7] | F48: =IF((C7)=0,0,(C23)/(C7))
A49: DB m/tilskot etter maskinkostnader | B49: Utrekna | C49: =IF((C7)=0,0,(C29)/(C7)) | D49: kr | E49: DB m/tilskot etter maskinkostnader = DB m/tilskot etter maskinkostnader [C29] ÷ Tal m² [C7] | F49: =IF((C7)=0,0,(C29)/(C7))
A50: 6. OUTPUT – Nøkkeltal
A51: DB pr m² u/tilskot | B51: Utrekna | C51: =IF((C7)=0,0,(C27)/(C7)) | D51: kr | E51: DB pr m² u/tilskot = Dekningsbidrag (DB) utan tilskot [C27] ÷ Tal m² [C7] | F51: =IF((C7)=0,0,(C27)/(C7))
A52: DB pr m² m/tilskot | B52: Utrekna | C52: =IF((C7)=0,0,(C28)/(C7)) | D52: kr | E52: DB pr m² m/tilskot = Dekningsbidrag (DB) med tilskot [C28] ÷ Tal m² [C7] | F52: =IF((C7)=0,0,(C28)/(C7))
A53: Oppnådd pris pr kg | B53: Utrekna | C53: =IF((C9)=0,0,(C12)/(C9)) | D53: kr | E53: Oppnådd pris pr kg = Sal av tomat [C12] ÷ Seld mengd [C9] | F53: =IF((C9)=0,0,(C12)/(C9))
A54: Avling pr m² (kg) | B54: Utrekna | C54: =IF((C7)=0,0,(C8)/(C7)) | D54: kg | E54: Avling pr m² (kg) = Avling totalt [C8] ÷ Tal m² [C7] | F54: =IF((C7)=0,0,(C8)/(C7))
A55: Maskinkostnader pr m² | B55: Utrekna | C55: =IF((C7)=0,0,(C23)/(C7)) | D55: kr | E55: Maskinkostnader pr m² = Maskinkostnader fordelt [C23] ÷ Tal m² [C7] | F55: =IF((C7)=0,0,(C23)/(C7))
A56: DB etter maskinkostnader pr m² | B56: Utrekna | C56: =IF((C7)=0,0,(C29)/(C7)) | D56: kr | E56: DB etter maskinkostnader pr m² = DB m/tilskot etter maskinkostnader [C29] ÷ Tal m² [C7] | F56: =IF((C7)=0,0,(C29)/(C7))

Sheet Frilandsgrønsak
A1: Frilandsgrønsaker – driftsgrein 2200-2490, 2600-3290
A2: Frilandsgrønsaker utanom gulrot og kålrot.
A3: Fargekodar: blå tal på gul botn = input (skal fyllast inn) · svart = formel · grøn = lenkje frå anna ark. Alle kronebeløp er positive (inntekt og kostnad).
A5: Post | B5: Kjelde / Tripletex-konto | C5: Verdi | D5: Eining | E5: Formel forklart (korleis outputen blir rekna) | F5: Excel-formel
A6: 1. INPUT – Produksjonsdata
A7: Tal dekar | B7: Produksjonstabell / søknad om produksjonstilskot | C7: 40 | D7: da | E7: Input. Hentast frå: Produksjonstabell / søknad om produksjonstilskot.
A8: Avling totalt | B8: Produksjonstabell / avlingsregistrering | C8: 120000 | D8: kg | E8: Input. Hentast frå: Produksjonstabell / avlingsregistrering.
A9: Seld mengd | B9: Mengde 1/2 på salskonto (3013, 3015, 3020, 3039) | C9: 110000 | D9: kg | E9: Input. Hentast frå: Mengde 1/2 på salskonto (3013, 3015, 3020, 3039).
A10: 2. INPUT – Rekneskapstal (kr) frå saldobalansen etter korrigeringar
A11: Produksjonstilskot fordelt på produksjonen | B11: 34xx (ikkje 344x avløysartilskot) | C11: 60000 | D11: kr | E11: Input. Hentast frå: 34xx (ikkje 344x avløysartilskot).
A12: Sal av grønsaker | B12: 3013, 3015, 3020, 3039 | C12: 660000 | D12: kr | E12: Input. Hentast frå: 3013, 3015, 3020, 3039.
A13: Beholdningsendring ferdigvarer (+ = auke) | B13: 4290-4298 (forteikn snudd) | C13: 0 | D13: kr | E13: Input. Hentast frå: 4290-4298 (forteikn snudd).
A14: Andre inntekter | B14: andre 3xxx kopla til produksjonen | C14: 0 | D14: kr | E14: Input. Hentast frå: andre 3xxx kopla til produksjonen.
A15: Variable kostnader
A16: Gjødsel og kalk | B16: 4050, 4057, 4095 | C16: 30000 | D16: kr | E16: Input. Hentast frå: 4050, 4057, 4095.
A17: Plantevernmiddel | B17: 4110, 4111, 4191 | C17: 20000 | D17: kr | E17: Input. Hentast frå: 4110, 4111, 4191.
A18: Frø / planter | B18: 4012 | C18: 80000 | D18: kr | E18: Input. Hentast frå: 4012.
A19: Emballasje | B19: 4140-4142, 4194 | C19: 50000 | D19: kr | E19: Input. Hentast frå: 4140-4142, 4194.
A20: Andre variable kostnader | B20: 4540-4549, 4160 + andre 4xxx | C20: 60000 | D20: kr | E20: Input. Hentast frå: 4540-4549, 4160 + andre 4xxx.
A21: 3. INPUT – Fordelte faste kostnader (lenka frå arket «Faste kostnader»)
A22: Maskinkostnader fordelt | B22: Lenkje frå anna ark | C22: ='Faste kostnader'!C43 | D22: kr | E22: Maskinkostnader fordelt = Maskinkostnader – Frilandsgrønsak [Faste kostnader!C43] | F22: ='Faste kostnader'!C43
A23: 4. UTREKNING – Totalt for produksjonen
A24: Produksjonsinntekter i alt | B24: Utrekna | C24: =C12+C13+C14 | D24: kr | E24: Produksjonsinntekter i alt = Sal av grønsaker [C12] + Beholdningsendring ferdigvarer (+ = auke) [C13] + Andre inntekter [C14] | F24: =C12+C13+C14
A25: Variable kostnader i alt | B25: Utrekna | C25: =C16+C17+C18+C19+C20 | D25: kr | E25: Variable kostnader i alt = Gjødsel og kalk [C16] + Plantevernmiddel [C17] + Frø / planter [C18] + Emballasje [C19] + Andre variable kostnader [C20] | F25: =C16+C17+C18+C19+C20
A26: Dekningsbidrag (DB) utan tilskot | B26: Utrekna | C26: =C24-C25 | D26: kr | E26: Dekningsbidrag (DB) utan tilskot = Produksjonsinntekter i alt [C24] − Variable kostnader i alt [C25] | F26: =C24-C25
A27: Dekningsbidrag (DB) med tilskot | B27: Utrekna | C27: =C26+C11 | D27: kr | E27: Dekningsbidrag (DB) med tilskot = Dekningsbidrag (DB) utan tilskot [C26] + Produksjonstilskot fordelt på produksjonen [C11] | F27: =C26+C11
A28: DB m/tilskot etter maskinkostnader | B28: Utrekna | C28: =C27-C22 | D28: kr | E28: DB m/tilskot etter maskinkostnader = Dekningsbidrag (DB) med tilskot [C27] − Maskinkostnader fordelt [C22] | F28: =C27-C22
A29: 5. OUTPUT – Per eining (pr dekar)
A30: Produksjonsinntekter pr dekar
A31: Sal av grønsaker | B31: Utrekna | C31: =IF((C7)=0,0,(C12)/(C7)) | D31: kr | E31: Sal av grønsaker = Sal av grønsaker [C12] ÷ Tal dekar [C7] | F31: =IF((C7)=0,0,(C12)/(C7))
A32: Beholdningsendring ferdigvarer (+ = auke) | B32: Utrekna | C32: =IF((C7)=0,0,(C13)/(C7)) | D32: kr | E32: Beholdningsendring ferdigvarer (+ = auke) = Beholdningsendring ferdigvarer (+ = auke) [C13] ÷ Tal dekar [C7] | F32: =IF((C7)=0,0,(C13)/(C7))
A33: Andre inntekter | B33: Utrekna | C33: =IF((C7)=0,0,(C14)/(C7)) | D33: kr | E33: Andre inntekter = Andre inntekter [C14] ÷ Tal dekar [C7] | F33: =IF((C7)=0,0,(C14)/(C7))
A34: Produksjonsinntekter i alt | B34: Utrekna | C34: =IF((C7)=0,0,(C24)/(C7)) | D34: kr | E34: Produksjonsinntekter i alt = Produksjonsinntekter i alt [C24] ÷ Tal dekar [C7] | F34: =IF((C7)=0,0,(C24)/(C7))
A35: Variable kostnader pr dekar
A36: Gjødsel og kalk | B36: Utrekna | C36: =IF((C7)=0,0,(C16)/(C7)) | D36: kr | E36: Gjødsel og kalk = Gjødsel og kalk [C16] ÷ Tal dekar [C7] | F36: =IF((C7)=0,0,(C16)/(C7))
A37: Plantevernmiddel | B37: Utrekna | C37: =IF((C7)=0,0,(C17)/(C7)) | D37: kr | E37: Plantevernmiddel = Plantevernmiddel [C17] ÷ Tal dekar [C7] | F37: =IF((C7)=0,0,(C17)/(C7))
A38: Frø / planter | B38: Utrekna | C38: =IF((C7)=0,0,(C18)/(C7)) | D38: kr | E38: Frø / planter = Frø / planter [C18] ÷ Tal dekar [C7] | F38: =IF((C7)=0,0,(C18)/(C7))
A39: Emballasje | B39: Utrekna | C39: =IF((C7)=0,0,(C19)/(C7)) | D39: kr | E39: Emballasje = Emballasje [C19] ÷ Tal dekar [C7] | F39: =IF((C7)=0,0,(C19)/(C7))
A40: Andre variable kostnader | B40: Utrekna | C40: =IF((C7)=0,0,(C20)/(C7)) | D40: kr | E40: Andre variable kostnader = Andre variable kostnader [C20] ÷ Tal dekar [C7] | F40: =IF((C7)=0,0,(C20)/(C7))
A41: Sum variable kostnader | B41: Utrekna | C41: =IF((C7)=0,0,(C25)/(C7)) | D41: kr | E41: Sum variable kostnader = Variable kostnader i alt [C25] ÷ Tal dekar [C7] | F41: =IF((C7)=0,0,(C25)/(C7))
A42: Resultat pr dekar
A43: DB utan tilskot | B43: Utrekna | C43: =IF((C7)=0,0,(C26)/(C7)) | D43: kr | E43: DB utan tilskot = Dekningsbidrag (DB) utan tilskot [C26] ÷ Tal dekar [C7] | F43: =IF((C7)=0,0,(C26)/(C7))
A44: Tilskot | B44: Utrekna | C44: =IF((C7)=0,0,(C11)/(C7)) | D44: kr | E44: Tilskot = Produksjonstilskot fordelt på produksjonen [C11] ÷ Tal dekar [C7] | F44: =IF((C7)=0,0,(C11)/(C7))
A45: DB med tilskot | B45: Utrekna | C45: =IF((C7)=0,0,(C27)/(C7)) | D45: kr | E45: DB med tilskot = Dekningsbidrag (DB) med tilskot [C27] ÷ Tal dekar [C7] | F45: =IF((C7)=0,0,(C27)/(C7))
A46: Maskinkostnader | B46: Utrekna | C46: =IF((C7)=0,0,(C22)/(C7)) | D46: kr | E46: Maskinkostnader = Maskinkostnader fordelt [C22] ÷ Tal dekar [C7] | F46: =IF((C7)=0,0,(C22)/(C7))
A47: DB m/tilskot etter maskinkostnader | B47: Utrekna | C47: =IF((C7)=0,0,(C28)/(C7)) | D47: kr | E47: DB m/tilskot etter maskinkostnader = DB m/tilskot etter maskinkostnader [C28] ÷ Tal dekar [C7] | F47: =IF((C7)=0,0,(C28)/(C7))
A48: 6. OUTPUT – Nøkkeltal
A49: DB pr dekar u/tilskot | B49: Utrekna | C49: =IF((C7)=0,0,(C26)/(C7)) | D49: kr | E49: DB pr dekar u/tilskot = Dekningsbidrag (DB) utan tilskot [C26] ÷ Tal dekar [C7] | F49: =IF((C7)=0,0,(C26)/(C7))
A50: DB pr dekar m/tilskot | B50: Utrekna | C50: =IF((C7)=0,0,(C27)/(C7)) | D50: kr | E50: DB pr dekar m/tilskot = Dekningsbidrag (DB) med tilskot [C27] ÷ Tal dekar [C7] | F50: =IF((C7)=0,0,(C27)/(C7))
A51: Oppnådd pris pr kg | B51: Utrekna | C51: =IF((C9)=0,0,(C12)/(C9)) | D51: kr | E51: Oppnådd pris pr kg = Sal av grønsaker [C12] ÷ Seld mengd [C9] | F51: =IF((C9)=0,0,(C12)/(C9))
A52: Avling pr dekar (kg) | B52: Utrekna | C52: =IF((C7)=0,0,(C8)/(C7)) | D52: kg | E52: Avling pr dekar (kg) = Avling totalt [C8] ÷ Tal dekar [C7] | F52: =IF((C7)=0,0,(C8)/(C7))
A53: Maskinkostnader pr dekar | B53: Utrekna | C53: =IF((C7)=0,0,(C22)/(C7)) | D53: kr | E53: Maskinkostnader pr dekar = Maskinkostnader fordelt [C22] ÷ Tal dekar [C7] | F53: =IF((C7)=0,0,(C22)/(C7))
A54: DB etter maskinkostnader pr dekar | B54: Utrekna | C54: =IF((C7)=0,0,(C28)/(C7)) | D54: kr | E54: DB etter maskinkostnader pr dekar = DB m/tilskot etter maskinkostnader [C28] ÷ Tal dekar [C7] | F54: =IF((C7)=0,0,(C28)/(C7))

Sheet Gulrot
A1: Gulrot – driftsgrein 2500-2590
A2: Gulrot (driftsgrein 2500–2590).
A3: Fargekodar: blå tal på gul botn = input (skal fyllast inn) · svart = formel · grøn = lenkje frå anna ark. Alle kronebeløp er positive (inntekt og kostnad).
A5: Post | B5: Kjelde / Tripletex-konto | C5: Verdi | D5: Eining | E5: Formel forklart (korleis outputen blir rekna) | F5: Excel-formel
A6: 1. INPUT – Produksjonsdata
A7: Tal dekar | B7: Produksjonstabell / søknad om produksjonstilskot | C7: 25 | D7: da | E7: Input. Hentast frå: Produksjonstabell / søknad om produksjonstilskot.
A8: Avling totalt | B8: Produksjonstabell / avlingsregistrering | C8: 125000 | D8: kg | E8: Input. Hentast frå: Produksjonstabell / avlingsregistrering.
A9: Seld mengd | B9: Mengde 1/2 på salskonto (3014) | C9: 115000 | D9: kg | E9: Input. Hentast frå: Mengde 1/2 på salskonto (3014).
A10: 2. INPUT – Rekneskapstal (kr) frå saldobalansen etter korrigeringar
A11: Produksjonstilskot fordelt på produksjonen | B11: 34xx (ikkje 344x avløysartilskot) | C11: 35000 | D11: kr | E11: Input. Hentast frå: 34xx (ikkje 344x avløysartilskot).
A12: Sal av gulrot | B12: 3014 | C12: 575000 | D12: kr | E12: Input. Hentast frå: 3014.
A13: Beholdningsendring ferdigvarer (+ = auke) | B13: 4290-4298 (forteikn snudd) | C13: 10000 | D13: kr | E13: Input. Hentast frå: 4290-4298 (forteikn snudd).
A14: Andre inntekter | B14: andre 3xxx kopla til produksjonen | C14: 0 | D14: kr | E14: Input. Hentast frå: andre 3xxx kopla til produksjonen.
A15: Variable kostnader
A16: Gjødsel og kalk | B16: 4050, 4057, 4095 | C16: 17000 | D16: kr | E16: Input. Hentast frå: 4050, 4057, 4095.
A17: Plantevernmiddel | B17: 4110, 4111, 4191 | C17: 14000 | D17: kr | E17: Input. Hentast frå: 4110, 4111, 4191.
A18: Frø | B18: 4012 | C18: 30000 | D18: kr | E18: Input. Hentast frå: 4012.
A19: Emballasje | B19: 4140-4142, 4194 | C19: 45000 | D19: kr | E19: Input. Hentast frå: 4140-4142, 4194.
A20: Andre variable kostnader | B20: 4540-4549, 4160 + andre 4xxx | C20: 40000 | D20: kr | E20: Input. Hentast frå: 4540-4549, 4160 + andre 4xxx.
A21: 3. INPUT – Fordelte faste kostnader (lenka frå arket «Faste kostnader»)
A22: Maskinkostnader fordelt | B22: Lenkje frå anna ark | C22: ='Faste kostnader'!C44 | D22: kr | E22: Maskinkostnader fordelt = Maskinkostnader – Gulrot [Faste kostnader!C44] | F22: ='Faste kostnader'!C44
A23: 4. UTREKNING – Totalt for produksjonen
A24: Produksjonsinntekter i alt | B24: Utrekna | C24: =C12+C13+C14 | D24: kr | E24: Produksjonsinntekter i alt = Sal av gulrot [C12] + Beholdningsendring ferdigvarer (+ = auke) [C13] + Andre inntekter [C14] | F24: =C12+C13+C14
A25: Variable kostnader i alt | B25: Utrekna | C25: =C16+C17+C18+C19+C20 | D25: kr | E25: Variable kostnader i alt = Gjødsel og kalk [C16] + Plantevernmiddel [C17] + Frø [C18] + Emballasje [C19] + Andre variable kostnader [C20] | F25: =C16+C17+C18+C19+C20
A26: Dekningsbidrag (DB) utan tilskot | B26: Utrekna | C26: =C24-C25 | D26: kr | E26: Dekningsbidrag (DB) utan tilskot = Produksjonsinntekter i alt [C24] − Variable kostnader i alt [C25] | F26: =C24-C25
A27: Dekningsbidrag (DB) med tilskot | B27: Utrekna | C27: =C26+C11 | D27: kr | E27: Dekningsbidrag (DB) med tilskot = Dekningsbidrag (DB) utan tilskot [C26] + Produksjonstilskot fordelt på produksjonen [C11] | F27: =C26+C11
A28: DB m/tilskot etter maskinkostnader | B28: Utrekna | C28: =C27-C22 | D28: kr | E28: DB m/tilskot etter maskinkostnader = Dekningsbidrag (DB) med tilskot [C27] − Maskinkostnader fordelt [C22] | F28: =C27-C22
A29: 5. OUTPUT – Per eining (pr dekar)
A30: Produksjonsinntekter pr dekar
A31: Sal av gulrot | B31: Utrekna | C31: =IF((C7)=0,0,(C12)/(C7)) | D31: kr | E31: Sal av gulrot = Sal av gulrot [C12] ÷ Tal dekar [C7] | F31: =IF((C7)=0,0,(C12)/(C7))
A32: Beholdningsendring ferdigvarer (+ = auke) | B32: Utrekna | C32: =IF((C7)=0,0,(C13)/(C7)) | D32: kr | E32: Beholdningsendring ferdigvarer (+ = auke) = Beholdningsendring ferdigvarer (+ = auke) [C13] ÷ Tal dekar [C7] | F32: =IF((C7)=0,0,(C13)/(C7))
A33: Andre inntekter | B33: Utrekna | C33: =IF((C7)=0,0,(C14)/(C7)) | D33: kr | E33: Andre inntekter = Andre inntekter [C14] ÷ Tal dekar [C7] | F33: =IF((C7)=0,0,(C14)/(C7))
A34: Produksjonsinntekter i alt | B34: Utrekna | C34: =IF((C7)=0,0,(C24)/(C7)) | D34: kr | E34: Produksjonsinntekter i alt = Produksjonsinntekter i alt [C24] ÷ Tal dekar [C7] | F34: =IF((C7)=0,0,(C24)/(C7))
A35: Variable kostnader pr dekar
A36: Gjødsel og kalk | B36: Utrekna | C36: =IF((C7)=0,0,(C16)/(C7)) | D36: kr | E36: Gjødsel og kalk = Gjødsel og kalk [C16] ÷ Tal dekar [C7] | F36: =IF((C7)=0,0,(C16)/(C7))
A37: Plantevernmiddel | B37: Utrekna | C37: =IF((C7)=0,0,(C17)/(C7)) | D37: kr | E37: Plantevernmiddel = Plantevernmiddel [C17] ÷ Tal dekar [C7] | F37: =IF((C7)=0,0,(C17)/(C7))
A38: Frø | B38: Utrekna | C38: =IF((C7)=0,0,(C18)/(C7)) | D38: kr | E38: Frø = Frø [C18] ÷ Tal dekar [C7] | F38: =IF((C7)=0,0,(C18)/(C7))
A39: Emballasje | B39: Utrekna | C39: =IF((C7)=0,0,(C19)/(C7)) | D39: kr | E39: Emballasje = Emballasje [C19] ÷ Tal dekar [C7] | F39: =IF((C7)=0,0,(C19)/(C7))
A40: Andre variable kostnader | B40: Utrekna | C40: =IF((C7)=0,0,(C20)/(C7)) | D40: kr | E40: Andre variable kostnader = Andre variable kostnader [C20] ÷ Tal dekar [C7] | F40: =IF((C7)=0,0,(C20)/(C7))
A41: Sum variable kostnader | B41: Utrekna | C41: =IF((C7)=0,0,(C25)/(C7)) | D41: kr | E41: Sum variable kostnader = Variable kostnader i alt [C25] ÷ Tal dekar [C7] | F41: =IF((C7)=0,0,(C25)/(C7))
A42: Resultat pr dekar
A43: DB utan tilskot | B43: Utrekna | C43: =IF((C7)=0,0,(C26)/(C7)) | D43: kr | E43: DB utan tilskot = Dekningsbidrag (DB) utan tilskot [C26] ÷ Tal dekar [C7] | F43: =IF((C7)=0,0,(C26)/(C7))
A44: Tilskot | B44: Utrekna | C44: =IF((C7)=0,0,(C11)/(C7)) | D44: kr | E44: Tilskot = Produksjonstilskot fordelt på produksjonen [C11] ÷ Tal dekar [C7] | F44: =IF((C7)=0,0,(C11)/(C7))
A45: DB med tilskot | B45: Utrekna | C45: =IF((C7)=0,0,(C27)/(C7)) | D45: kr | E45: DB med tilskot = Dekningsbidrag (DB) med tilskot [C27] ÷ Tal dekar [C7] | F45: =IF((C7)=0,0,(C27)/(C7))
A46: Maskinkostnader | B46: Utrekna | C46: =IF((C7)=0,0,(C22)/(C7)) | D46: kr | E46: Maskinkostnader = Maskinkostnader fordelt [C22] ÷ Tal dekar [C7] | F46: =IF((C7)=0,0,(C22)/(C7))
A47: DB m/tilskot etter maskinkostnader | B47: Utrekna | C47: =IF((C7)=0,0,(C28)/(C7)) | D47: kr | E47: DB m/tilskot etter maskinkostnader = DB m/tilskot etter maskinkostnader [C28] ÷ Tal dekar [C7] | F47: =IF((C7)=0,0,(C28)/(C7))
A48: 6. OUTPUT – Nøkkeltal
A49: DB pr dekar u/tilskot | B49: Utrekna | C49: =IF((C7)=0,0,(C26)/(C7)) | D49: kr | E49: DB pr dekar u/tilskot = Dekningsbidrag (DB) utan tilskot [C26] ÷ Tal dekar [C7] | F49: =IF((C7)=0,0,(C26)/(C7))
A50: DB pr dekar m/tilskot | B50: Utrekna | C50: =IF((C7)=0,0,(C27)/(C7)) | D50: kr | E50: DB pr dekar m/tilskot = Dekningsbidrag (DB) med tilskot [C27] ÷ Tal dekar [C7] | F50: =IF((C7)=0,0,(C27)/(C7))
A51: Oppnådd pris pr kg | B51: Utrekna | C51: =IF((C9)=0,0,(C12)/(C9)) | D51: kr | E51: Oppnådd pris pr kg = Sal av gulrot [C12] ÷ Seld mengd [C9] | F51: =IF((C9)=0,0,(C12)/(C9))
A52: Avling pr dekar (kg) | B52: Utrekna | C52: =IF((C7)=0,0,(C8)/(C7)) | D52: kg | E52: Avling pr dekar (kg) = Avling totalt [C8] ÷ Tal dekar [C7] | F52: =IF((C7)=0,0,(C8)/(C7))
A53: Maskinkostnader pr dekar | B53: Utrekna | C53: =IF((C7)=0,0,(C22)/(C7)) | D53: kr | E53: Maskinkostnader pr dekar = Maskinkostnader fordelt [C22] ÷ Tal dekar [C7] | F53: =IF((C7)=0,0,(C22)/(C7))
A54: DB etter maskinkostnader pr dekar | B54: Utrekna | C54: =IF((C7)=0,0,(C28)/(C7)) | D54: kr | E54: DB etter maskinkostnader pr dekar = DB m/tilskot etter maskinkostnader [C28] ÷ Tal dekar [C7] | F54: =IF((C7)=0,0,(C28)/(C7))

Sheet Kålrot
A1: Kålrot – driftsgrein 2280-2282
A2: Kålrot (driftsgrein 2280–2282).
A3: Fargekodar: blå tal på gul botn = input (skal fyllast inn) · svart = formel · grøn = lenkje frå anna ark. Alle kronebeløp er positive (inntekt og kostnad).
A5: Post | B5: Kjelde / Tripletex-konto | C5: Verdi | D5: Eining | E5: Formel forklart (korleis outputen blir rekna) | F5: Excel-formel
A6: 1. INPUT – Produksjonsdata
A7: Tal dekar | B7: Produksjonstabell / søknad om produksjonstilskot | C7: 15 | D7: da | E7: Input. Hentast frå: Produksjonstabell / søknad om produksjonstilskot.
A8: Avling totalt | B8: Produksjonstabell / avlingsregistrering | C8: 60000 | D8: kg | E8: Input. Hentast frå: Produksjonstabell / avlingsregistrering.
A9: Seld mengd | B9: Mengde 1/2 på salskonto (3013, 3015 (kopla til kålrot)) | C9: 55000 | D9: kg | E9: Input. Hentast frå: Mengde 1/2 på salskonto (3013, 3015 (kopla til kålrot)).
A10: 2. INPUT – Rekneskapstal (kr) frå saldobalansen etter korrigeringar
A11: Produksjonstilskot fordelt på produksjonen | B11: 34xx (ikkje 344x avløysartilskot) | C11: 20000 | D11: kr | E11: Input. Hentast frå: 34xx (ikkje 344x avløysartilskot).
A12: Sal av kålrot | B12: 3013, 3015 (kopla til kålrot) | C12: 357500 | D12: kr | E12: Input. Hentast frå: 3013, 3015 (kopla til kålrot).
A13: Beholdningsendring ferdigvarer (+ = auke) | B13: 4290-4298 (forteikn snudd) | C13: 0 | D13: kr | E13: Input. Hentast frå: 4290-4298 (forteikn snudd).
A14: Andre inntekter | B14: andre 3xxx kopla til produksjonen | C14: 0 | D14: kr | E14: Input. Hentast frå: andre 3xxx kopla til produksjonen.
A15: Variable kostnader
A16: Gjødsel og kalk | B16: 4050, 4057, 4095 | C16: 10000 | D16: kr | E16: Input. Hentast frå: 4050, 4057, 4095.
A17: Plantevernmiddel | B17: 4110, 4111, 4191 | C17: 7000 | D17: kr | E17: Input. Hentast frå: 4110, 4111, 4191.
A18: Frø | B18: 4012 | C18: 9000 | D18: kr | E18: Input. Hentast frå: 4012.
A19: Emballasje | B19: 4140-4142, 4194 | C19: 20000 | D19: kr | E19: Input. Hentast frå: 4140-4142, 4194.
A20: Andre variable kostnader | B20: 4540-4549, 4160 + andre 4xxx | C20: 15000 | D20: kr | E20: Input. Hentast frå: 4540-4549, 4160 + andre 4xxx.
A21: 3. INPUT – Fordelte faste kostnader (lenka frå arket «Faste kostnader»)
A22: Maskinkostnader fordelt | B22: Lenkje frå anna ark | C22: ='Faste kostnader'!C45 | D22: kr | E22: Maskinkostnader fordelt = Maskinkostnader – Kålrot [Faste kostnader!C45] | F22: ='Faste kostnader'!C45
A23: 4. UTREKNING – Totalt for produksjonen
A24: Produksjonsinntekter i alt | B24: Utrekna | C24: =C12+C13+C14 | D24: kr | E24: Produksjonsinntekter i alt = Sal av kålrot [C12] + Beholdningsendring ferdigvarer (+ = auke) [C13] + Andre inntekter [C14] | F24: =C12+C13+C14
A25: Variable kostnader i alt | B25: Utrekna | C25: =C16+C17+C18+C19+C20 | D25: kr | E25: Variable kostnader i alt = Gjødsel og kalk [C16] + Plantevernmiddel [C17] + Frø [C18] + Emballasje [C19] + Andre variable kostnader [C20] | F25: =C16+C17+C18+C19+C20
A26: Dekningsbidrag (DB) utan tilskot | B26: Utrekna | C26: =C24-C25 | D26: kr | E26: Dekningsbidrag (DB) utan tilskot = Produksjonsinntekter i alt [C24] − Variable kostnader i alt [C25] | F26: =C24-C25
A27: Dekningsbidrag (DB) med tilskot | B27: Utrekna | C27: =C26+C11 | D27: kr | E27: Dekningsbidrag (DB) med tilskot = Dekningsbidrag (DB) utan tilskot [C26] + Produksjonstilskot fordelt på produksjonen [C11] | F27: =C26+C11
A28: DB m/tilskot etter maskinkostnader | B28: Utrekna | C28: =C27-C22 | D28: kr | E28: DB m/tilskot etter maskinkostnader = Dekningsbidrag (DB) med tilskot [C27] − Maskinkostnader fordelt [C22] | F28: =C27-C22
A29: 5. OUTPUT – Per eining (pr dekar)
A30: Produksjonsinntekter pr dekar
A31: Sal av kålrot | B31: Utrekna | C31: =IF((C7)=0,0,(C12)/(C7)) | D31: kr | E31: Sal av kålrot = Sal av kålrot [C12] ÷ Tal dekar [C7] | F31: =IF((C7)=0,0,(C12)/(C7))
A32: Beholdningsendring ferdigvarer (+ = auke) | B32: Utrekna | C32: =IF((C7)=0,0,(C13)/(C7)) | D32: kr | E32: Beholdningsendring ferdigvarer (+ = auke) = Beholdningsendring ferdigvarer (+ = auke) [C13] ÷ Tal dekar [C7] | F32: =IF((C7)=0,0,(C13)/(C7))
A33: Andre inntekter | B33: Utrekna | C33: =IF((C7)=0,0,(C14)/(C7)) | D33: kr | E33: Andre inntekter = Andre inntekter [C14] ÷ Tal dekar [C7] | F33: =IF((C7)=0,0,(C14)/(C7))
A34: Produksjonsinntekter i alt | B34: Utrekna | C34: =IF((C7)=0,0,(C24)/(C7)) | D34: kr | E34: Produksjonsinntekter i alt = Produksjonsinntekter i alt [C24] ÷ Tal dekar [C7] | F34: =IF((C7)=0,0,(C24)/(C7))
A35: Variable kostnader pr dekar
A36: Gjødsel og kalk | B36: Utrekna | C36: =IF((C7)=0,0,(C16)/(C7)) | D36: kr | E36: Gjødsel og kalk = Gjødsel og kalk [C16] ÷ Tal dekar [C7] | F36: =IF((C7)=0,0,(C16)/(C7))
A37: Plantevernmiddel | B37: Utrekna | C37: =IF((C7)=0,0,(C17)/(C7)) | D37: kr | E37: Plantevernmiddel = Plantevernmiddel [C17] ÷ Tal dekar [C7] | F37: =IF((C7)=0,0,(C17)/(C7))
A38: Frø | B38: Utrekna | C38: =IF((C7)=0,0,(C18)/(C7)) | D38: kr | E38: Frø = Frø [C18] ÷ Tal dekar [C7] | F38: =IF((C7)=0,0,(C18)/(C7))
A39: Emballasje | B39: Utrekna | C39: =IF((C7)=0,0,(C19)/(C7)) | D39: kr | E39: Emballasje = Emballasje [C19] ÷ Tal dekar [C7] | F39: =IF((C7)=0,0,(C19)/(C7))
A40: Andre variable kostnader | B40: Utrekna | C40: =IF((C7)=0,0,(C20)/(C7)) | D40: kr | E40: Andre variable kostnader = Andre variable kostnader [C20] ÷ Tal dekar [C7] | F40: =IF((C7)=0,0,(C20)/(C7))
A41: Sum variable kostnader | B41: Utrekna | C41: =IF((C7)=0,0,(C25)/(C7)) | D41: kr | E41: Sum variable kostnader = Variable kostnader i alt [C25] ÷ Tal dekar [C7] | F41: =IF((C7)=0,0,(C25)/(C7))
A42: Resultat pr dekar
A43: DB utan tilskot | B43: Utrekna | C43: =IF((C7)=0,0,(C26)/(C7)) | D43: kr | E43: DB utan tilskot = Dekningsbidrag (DB) utan tilskot [C26] ÷ Tal dekar [C7] | F43: =IF((C7)=0,0,(C26)/(C7))
A44: Tilskot | B44: Utrekna | C44: =IF((C7)=0,0,(C11)/(C7)) | D44: kr | E44: Tilskot = Produksjonstilskot fordelt på produksjonen [C11] ÷ Tal dekar [C7] | F44: =IF((C7)=0,0,(C11)/(C7))
A45: DB med tilskot | B45: Utrekna | C45: =IF((C7)=0,0,(C27)/(C7)) | D45: kr | E45: DB med tilskot = Dekningsbidrag (DB) med tilskot [C27] ÷ Tal dekar [C7] | F45: =IF((C7)=0,0,(C27)/(C7))
A46: Maskinkostnader | B46: Utrekna | C46: =IF((C7)=0,0,(C22)/(C7)) | D46: kr | E46: Maskinkostnader = Maskinkostnader fordelt [C22] ÷ Tal dekar [C7] | F46: =IF((C7)=0,0,(C22)/(C7))
A47: DB m/tilskot etter maskinkostnader | B47: Utrekna | C47: =IF((C7)=0,0,(C28)/(C7)) | D47: kr | E47: DB m/tilskot etter maskinkostnader = DB m/tilskot etter maskinkostnader [C28] ÷ Tal dekar [C7] | F47: =IF((C7)=0,0,(C28)/(C7))
A48: 6. OUTPUT – Nøkkeltal
A49: DB pr dekar u/tilskot | B49: Utrekna | C49: =IF((C7)=0,0,(C26)/(C7)) | D49: kr | E49: DB pr dekar u/tilskot = Dekningsbidrag (DB) utan tilskot [C26] ÷ Tal dekar [C7] | F49: =IF((C7)=0,0,(C26)/(C7))
A50: DB pr dekar m/tilskot | B50: Utrekna | C50: =IF((C7)=0,0,(C27)/(C7)) | D50: kr | E50: DB pr dekar m/tilskot = Dekningsbidrag (DB) med tilskot [C27] ÷ Tal dekar [C7] | F50: =IF((C7)=0,0,(C27)/(C7))
A51: Oppnådd pris pr kg | B51: Utrekna | C51: =IF((C9)=0,0,(C12)/(C9)) | D51: kr | E51: Oppnådd pris pr kg = Sal av kålrot [C12] ÷ Seld mengd [C9] | F51: =IF((C9)=0,0,(C12)/(C9))
A52: Avling pr dekar (kg) | B52: Utrekna | C52: =IF((C7)=0,0,(C8)/(C7)) | D52: kg | E52: Avling pr dekar (kg) = Avling totalt [C8] ÷ Tal dekar [C7] | F52: =IF((C7)=0,0,(C8)/(C7))
A53: Maskinkostnader pr dekar | B53: Utrekna | C53: =IF((C7)=0,0,(C22)/(C7)) | D53: kr | E53: Maskinkostnader pr dekar = Maskinkostnader fordelt [C22] ÷ Tal dekar [C7] | F53: =IF((C7)=0,0,(C22)/(C7))
A54: DB etter maskinkostnader pr dekar | B54: Utrekna | C54: =IF((C7)=0,0,(C28)/(C7)) | D54: kr | E54: DB etter maskinkostnader pr dekar = DB m/tilskot etter maskinkostnader [C28] ÷ Tal dekar [C7] | F54: =IF((C7)=0,0,(C28)/(C7))

Sheet Mjølk
A1: Mjølkeproduksjon storfe – driftsgrein 6110-6113
A2: Mjølkeku med påsett (driftsgrein 6110–6113). Analysegruppe etter påsettprosent blir rekna ut automatisk.
A3: Fargekodar: blå tal på gul botn = input (skal fyllast inn) · svart = formel · grøn = lenkje frå anna ark. Alle kronebeløp er positive (inntekt og kostnad).
A5: Post | B5: Kjelde / Tripletex-konto | C5: Verdi | D5: Eining | E5: Formel forklart (korleis outputen blir rekna) | F5: Excel-formel
A6: 1. INPUT – Produksjonsdata (frå produksjonstabell / teljingar)
A7: Tal årskyr | B7: Kukontrollen / produksjonstabell (EnhetAntall) | C7: 25 | D7: stk | E7: Input. Hentast frå: Kukontrollen / produksjonstabell (EnhetAntall).
A8: Levert mjølk | B8: Mengde 1 på konto 3071 | C8: 190000 | D8: liter | E8: Input. Hentast frå: Mengde 1 på konto 3071.
A9: Disponibel mjølkekvote | B9: Kvoteoversikt (Landbruksdirektoratet) | C9: 200000 | D9: liter | E9: Input. Hentast frå: Kvoteoversikt (Landbruksdirektoratet).
A10: Kg slakt storfe (mjølkeproduksjonen) | B10: Mengde 2 på konto 3041 | C10: 5200 | D10: kg | E10: Input. Hentast frå: Mengde 2 på konto 3041.
A11: Kyr pr 1.1. | B11: Mengde 1 på 1451.20.511/512 (IB) | C11: 26 | D11: stk | E11: Input. Hentast frå: Mengde 1 på 1451.20.511/512 (IB).
A12: Kyr pr 31.12. | B12: Mengde 1 på 1451.20.511/512 (UB) | C12: 25 | D12: stk | E12: Input. Hentast frå: Mengde 1 på 1451.20.511/512 (UB).
A13: Kviger/oksar over 12 md pr 1.1. | B13: 1451.20.514/516 (IB) | C13: 14 | D13: stk | E13: Input. Hentast frå: 1451.20.514/516 (IB).
A14: Kviger/oksar over 12 md pr 31.12. | B14: 1451.20.514/516 (UB) | C14: 15 | D14: stk | E14: Input. Hentast frå: 1451.20.514/516 (UB).
A15: Kalvar/ungdyr under 12 md pr 1.1. | B15: 1451.20.515/517/518 (IB) | C15: 16 | D15: stk | E15: Input. Hentast frå: 1451.20.515/517/518 (IB).
A16: Kalvar/ungdyr under 12 md pr 31.12. | B16: 1451.20.515/517/518 (UB) | C16: 17 | D16: stk | E16: Input. Hentast frå: 1451.20.515/517/518 (UB).
A17: Fôrnorm beite (FEm) | B17: Fôrnorm pr årsku og år (jf. marginalanalysen). Brukt til arealbehov og fordelingsnøklar | C17: 2000 | D17: FEm | E17: Input. Hentast frå: Fôrnorm pr årsku og år (jf. marginalanalysen). Brukt til arealbehov og fordelingsnøklar.
A18: Fôrnorm eige grovfôr vinter (FEm) | B18: Fôrnorm pr årsku og år (jf. marginalanalysen). Brukt til arealbehov og fordelingsnøklar | C18: 3500 | D18: FEm | E18: Input. Hentast frå: Fôrnorm pr årsku og år (jf. marginalanalysen). Brukt til arealbehov og fordelingsnøklar.
A19: Fôrnorm kraftfôr (FEm) | B19: Fôrnorm pr årsku og år (jf. marginalanalysen). Brukt til arealbehov og fordelingsnøklar | C19: 1800 | D19: FEm | E19: Input. Hentast frå: Fôrnorm pr årsku og år (jf. marginalanalysen). Brukt til arealbehov og fordelingsnøklar.
A20: 2. INPUT – Rekneskapstal (kr) frå saldobalansen etter korrigeringar
A21: Produksjonstilskot fordelt på produksjonen | B21: 34xx (ikkje 344x avløysartilskot) | C21: 520000 | D21: kr | E21: Input. Hentast frå: 34xx (ikkje 344x avløysartilskot).
A22: Mjølk | B22: 3070-3073, 3163/3173 (.482) | C22: 1330000 | D22: kr | E22: Input. Hentast frå: 3070-3073, 3163/3173 (.482).
A23: Slakt | B23: 3040-3049, 3162, 3172, 3078 | C23: 210000 | D23: kr | E23: Input. Hentast frå: 3040-3049, 3162, 3172, 3078.
A24: Livdyrsal | B24: 3050-3059 | C24: 45000 | D24: kr | E24: Input. Hentast frå: 3050-3059.
A25: Buskap, beholdningsendring (+ = auke) | B25: 4690-4698 (forteikn snudd) | C25: 15000 | D25: kr | E25: Input. Hentast frå: 4690-4698 (forteikn snudd).
A26: Andre inntekter | B26: andre 3xxx kopla til produksjonen | C26: 8000 | D26: kr | E26: Input. Hentast frå: andre 3xxx kopla til produksjonen.
A27: Herav distriktstilskot mjølk | B27: Del av mjølkeinntekta (avrekning) | C27: 22800 | D27: kr | E27: Input. Hentast frå: Del av mjølkeinntekta (avrekning). Er med i beløpet over, brukt berre til prisutrekning.
A28: Herav distriktstilskot kjøt | B28: 3047 Slakt, distriktstilskot (del av slakteinntekta) | C28: 27300 | D28: kr | E28: Input. Hentast frå: 3047 Slakt, distriktstilskot (del av slakteinntekta). Er med i beløpet over, brukt berre til prisutrekning.
A29: Variable kostnader – eigen grovfôrproduksjon
A30: Såfrø / grasfrø | B30: 4001 | C30: 18000 | D30: kr | E30: Input. Hentast frå: 4001.
A31: Plantevernmiddel | B31: 4110, 4191 | C31: 6000 | D31: kr | E31: Input. Hentast frå: 4110, 4191.
A32: Rundballeplast mm. | B32: 4140, 4194 | C32: 32000 | D32: kr | E32: Input. Hentast frå: 4140, 4194.
A33: Handelsgjødsel | B33: 4050, 4095 | C33: 95000 | D33: kr | E33: Input. Hentast frå: 4050, 4095.
A34: Kalk | B34: 4057 | C34: 12000 | D34: kr | E34: Input. Hentast frå: 4057.
A35: Konserveringsmiddel | B35: 4080, 4098 | C35: 14000 | D35: kr | E35: Input. Hentast frå: 4080, 4098.
A36: Endring anna varelager (variable kostn.) | B36: 4090 | C36: 0 | D36: kr | E36: Input. Hentast frå: 4090.
A37: Endring eigenprodusert grovfôr (+ = nedgang i lager) | B37: 4297 | C37: -10000 | D37: kr | E37: Input. Hentast frå: 4297.
A38: Variable kostnader – anna
A39: Kjøp grovfôr | B39: 4030 | C39: 20000 | D39: kr | E39: Input. Hentast frå: 4030.
A40: Beiteleige / dyr på beite | B40: 4031 | C40: 0 | D40: kr | E40: Input. Hentast frå: 4031.
A41: Endring innkjøpt grovfôrlager | B41: 4093 | C41: 0 | D41: kr | E41: Input. Hentast frå: 4093.
A42: Kraftfôr mm. | B42: 4020-4029, 4040-4049, 4092, 4094 | C42: 380000 | D42: kr | E42: Input. Hentast frå: 4020-4029, 4040-4049, 4092, 4094.
A43: Veterinær, medisin, semin mm. | B43: 4120, 4192, 4520-4529 | C43: 65000 | D43: kr | E43: Input. Hentast frå: 4120, 4192, 4520-4529.
A44: Innkjøp dyr | B44: 4600-4689 | C44: 0 | D44: kr | E44: Input. Hentast frå: 4600-4689.
A45: Andre variable kostnader | B45: 4130-4139, 4193, 4530-4549, 4560-4569 + andre 4xxx | C45: 95000 | D45: kr | E45: Input. Hentast frå: 4130-4139, 4193, 4530-4549, 4560-4569 + andre 4xxx.
A46: 3. INPUT – Fordelte faste kostnader (lenka frå arket «Faste kostnader»)
A47: Maskinkostnader fordelt | B47: Lenkje frå anna ark | C47: ='Faste kostnader'!C46 | D47: kr | E47: Maskinkostnader fordelt = Maskinkostnader – Mjølk [Faste kostnader!C46] | F47: ='Faste kostnader'!C46
A48: Innandørsmekanisering fordelt | B48: Lenkje frå anna ark | C48: ='Faste kostnader'!C77 | D48: kr | E48: Innandørsmekanisering fordelt = Innandørsmekanisering – Mjølk [Faste kostnader!C77] | F48: ='Faste kostnader'!C77
A49: 4. UTREKNING – Totalt for produksjonen
A50: Produksjonsinntekter i alt | B50: Utrekna | C50: =C22+C23+C24+C25+C26 | D50: kr | E50: Produksjonsinntekter i alt = Mjølk [C22] + Slakt [C23] + Livdyrsal [C24] + Buskap, beholdningsendring (+ = auke) [C25] + Andre inntekter [C26] | F50: =C22+C23+C24+C25+C26
A51: Eigen grovfôr – sum variable kostnader | B51: Utrekna | C51: =C30+C31+C32+C33+C34+C35+C36+C37 | D51: kr | E51: Eigen grovfôr – sum variable kostnader = Såfrø / grasfrø [C30] + Plantevernmiddel [C31] + Rundballeplast mm. [C32] + Handelsgjødsel [C33] + Kalk [C34] + Konserveringsmiddel [C35] + Endring anna varelager (variable kostn.) [C36] + Endring eigenprodusert grovfôr (+ = nedgang i lager) [C37] | F51: =C30+C31+C32+C33+C34+C35+C36+C37
A52: Variabel grovfôrkostnad (utan plast og lagerendring eigenprodusert) | B52: Utrekna | C52: =C30+C31+C33+C34+C35+C36 | D52: kr | E52: Variabel grovfôrkostnad (utan plast og lagerendring eigenprodusert) = Såfrø / grasfrø [C30] + Plantevernmiddel [C31] + Handelsgjødsel [C33] + Kalk [C34] + Konserveringsmiddel [C35] + Endring anna varelager (variable kostn.) [C36] (Brukt i «Variabel grovfôrkostnad pr dekar» – same utval som eksempelanalysen) | F52: =C30+C31+C33+C34+C35+C36
A53: Sum eigen grovfôrproduksjon (utan lagerendring) | B53: Utrekna | C53: =C51-C37 | D53: kr | E53: Sum eigen grovfôrproduksjon (utan lagerendring) = Eigen grovfôr – sum variable kostnader [C51] − Endring eigenprodusert grovfôr (+ = nedgang i lager) [C37] (Brukt til å fordele grovfôrarealet mellom produksjonane) | F53: =C51-C37
A54: Grovfôr – kostnad i alt | B54: Utrekna | C54: =C51+C39+C41 | D54: kr | E54: Grovfôr – kostnad i alt = Eigen grovfôr – sum variable kostnader [C51] + Kjøp grovfôr [C39] + Endring innkjøpt grovfôrlager [C41] | F54: =C51+C39+C41
A55: Variable kostnader i alt | B55: Utrekna | C55: =C54+C40+C42+C43+C44+C45 | D55: kr | E55: Variable kostnader i alt = Grovfôr – kostnad i alt [C54] + Beiteleige / dyr på beite [C40] + Kraftfôr mm. [C42] + Veterinær, medisin, semin mm. [C43] + Innkjøp dyr [C44] + Andre variable kostnader [C45] | F55: =C54+C40+C42+C43+C44+C45
A56: Dekningsbidrag (DB) utan tilskot | B56: Utrekna | C56: =C50-C55 | D56: kr | E56: Dekningsbidrag (DB) utan tilskot = Produksjonsinntekter i alt [C50] − Variable kostnader i alt [C55] | F56: =C50-C55
A57: Dekningsbidrag (DB) med tilskot | B57: Utrekna | C57: =C56+C21 | D57: kr | E57: Dekningsbidrag (DB) med tilskot = Dekningsbidrag (DB) utan tilskot [C56] + Produksjonstilskot fordelt på produksjonen [C21] | F57: =C56+C21
A58: DB m/tilskot etter maskin- og innandørskostnad | B58: Utrekna | C58: =C57-C47-C48 | D58: kr | E58: DB m/tilskot etter maskin- og innandørskostnad = Dekningsbidrag (DB) med tilskot [C57] − Maskinkostnader fordelt [C47] − Innandørsmekanisering fordelt [C48] | F58: =C57-C47-C48
A59: «Kueiningar» | B59: Utrekna | C59: =((C11+C12)+(C13+C14)/4+(C15+C16)/8)/2 | D59: stk | E59: «Kueiningar» = ((Kyr pr 1.1. [C11] + Kyr pr 31.12. [C12]) + (Kviger/oksar over 12 md pr 1.1. [C13] + Kviger/oksar over 12 md pr 31.12. [C14]) / 4 + (Kalvar/ungdyr under 12 md pr 1.1. [C15] + Kalvar/ungdyr under 12 md pr 31.12. [C16]) / 8) / 2 (Vekting av dyretal (snitt 1.1. og 31.12.) – sjå formel) | F59: =((C11+C12)+(C13+C14)/4+(C15+C16)/8)/2
A60: Påsettprosent | B60: Utrekna | C60: =IF((C11+C12)=0,0,((C13+C14+C15+C16)/2)/(C11+C12)) | D60: % | E60: Påsettprosent = ((Kviger/oksar over 12 md pr 1.1. [C13] + Kviger/oksar over 12 md pr 31.12. [C14] + Kalvar/ungdyr under 12 md pr 1.1. [C15] + Kalvar/ungdyr under 12 md pr 31.12. [C16]) / 2) ÷ (Kyr pr 1.1. [C11] + Kyr pr 31.12. [C12]) (Snitt ungdyr / 2 delt på (kyr 1.1. + kyr 31.12.) – same oppsett som eksempelanalysen) | F60: =IF((C11+C12)=0,0,((C13+C14+C15+C16)/2)/(C11+C12))
A61: 5. OUTPUT – Per eining (pr årsku)
A62: Produksjonsinntekter pr årsku
A63: Mjølk | B63: Utrekna | C63: =IF((C7)=0,0,(C22)/(C7)) | D63: kr | E63: Mjølk = Mjølk [C22] ÷ Tal årskyr [C7] | F63: =IF((C7)=0,0,(C22)/(C7))
A64: Slakt | B64: Utrekna | C64: =IF((C7)=0,0,(C23)/(C7)) | D64: kr | E64: Slakt = Slakt [C23] ÷ Tal årskyr [C7] | F64: =IF((C7)=0,0,(C23)/(C7))
A65: Livdyrsal | B65: Utrekna | C65: =IF((C7)=0,0,(C24)/(C7)) | D65: kr | E65: Livdyrsal = Livdyrsal [C24] ÷ Tal årskyr [C7] | F65: =IF((C7)=0,0,(C24)/(C7))
A66: Buskap, beholdningsendring (+ = auke) | B66: Utrekna | C66: =IF((C7)=0,0,(C25)/(C7)) | D66: kr | E66: Buskap, beholdningsendring (+ = auke) = Buskap, beholdningsendring (+ = auke) [C25] ÷ Tal årskyr [C7] | F66: =IF((C7)=0,0,(C25)/(C7))
A67: Andre inntekter | B67: Utrekna | C67: =IF((C7)=0,0,(C26)/(C7)) | D67: kr | E67: Andre inntekter = Andre inntekter [C26] ÷ Tal årskyr [C7] | F67: =IF((C7)=0,0,(C26)/(C7))
A68: Produksjonsinntekter i alt | B68: Utrekna | C68: =IF((C7)=0,0,(C50)/(C7)) | D68: kr | E68: Produksjonsinntekter i alt = Produksjonsinntekter i alt [C50] ÷ Tal årskyr [C7] | F68: =IF((C7)=0,0,(C50)/(C7))
A69: Variable kostnader pr årsku
A70: Eigen grovfôrproduksjon | B70: Utrekna | C70: =IF((C7)=0,0,(C53)/(C7)) | D70: kr | E70: Eigen grovfôrproduksjon = Sum eigen grovfôrproduksjon (utan lagerendring) [C53] ÷ Tal årskyr [C7] | F70: =IF((C7)=0,0,(C53)/(C7))
A71: Kjøpt grovfôr | B71: Utrekna | C71: =IF((C7)=0,0,(C39)/(C7)) | D71: kr | E71: Kjøpt grovfôr = Kjøp grovfôr [C39] ÷ Tal årskyr [C7] | F71: =IF((C7)=0,0,(C39)/(C7))
A72: Varelager endring grovfôr | B72: Utrekna | C72: =IF((C7)=0,0,(C37+C41)/(C7)) | D72: kr | E72: Varelager endring grovfôr = (Endring eigenprodusert grovfôr (+ = nedgang i lager) [C37] + Endring innkjøpt grovfôrlager [C41]) ÷ Tal årskyr [C7] | F72: =IF((C7)=0,0,(C37+C41)/(C7))
A73: Beiteleige | B73: Utrekna | C73: =IF((C7)=0,0,(C40)/(C7)) | D73: kr | E73: Beiteleige = Beiteleige / dyr på beite [C40] ÷ Tal årskyr [C7] | F73: =IF((C7)=0,0,(C40)/(C7))
A74: Kraftfôr mm. | B74: Utrekna | C74: =IF((C7)=0,0,(C42)/(C7)) | D74: kr | E74: Kraftfôr mm. = Kraftfôr mm. [C42] ÷ Tal årskyr [C7] | F74: =IF((C7)=0,0,(C42)/(C7))
A75: Veterinær, medisin, semin mm. | B75: Utrekna | C75: =IF((C7)=0,0,(C43)/(C7)) | D75: kr | E75: Veterinær, medisin, semin mm. = Veterinær, medisin, semin mm. [C43] ÷ Tal årskyr [C7] | F75: =IF((C7)=0,0,(C43)/(C7))
A76: Innkjøp dyr | B76: Utrekna | C76: =IF((C7)=0,0,(C44)/(C7)) | D76: kr | E76: Innkjøp dyr = Innkjøp dyr [C44] ÷ Tal årskyr [C7] | F76: =IF((C7)=0,0,(C44)/(C7))
A77: Andre variable kostnader | B77: Utrekna | C77: =IF((C7)=0,0,(C45)/(C7)) | D77: kr | E77: Andre variable kostnader = Andre variable kostnader [C45] ÷ Tal årskyr [C7] | F77: =IF((C7)=0,0,(C45)/(C7))
A78: Sum variable kostnader | B78: Utrekna | C78: =IF((C7)=0,0,(C55)/(C7)) | D78: kr | E78: Sum variable kostnader = Variable kostnader i alt [C55] ÷ Tal årskyr [C7] | F78: =IF((C7)=0,0,(C55)/(C7))
A79: Resultat pr årsku
A80: DB utan tilskot | B80: Utrekna | C80: =IF((C7)=0,0,(C56)/(C7)) | D80: kr | E80: DB utan tilskot = Dekningsbidrag (DB) utan tilskot [C56] ÷ Tal årskyr [C7] | F80: =IF((C7)=0,0,(C56)/(C7))
A81: Tilskot | B81: Utrekna | C81: =IF((C7)=0,0,(C21)/(C7)) | D81: kr | E81: Tilskot = Produksjonstilskot fordelt på produksjonen [C21] ÷ Tal årskyr [C7] | F81: =IF((C7)=0,0,(C21)/(C7))
A82: DB med tilskot | B82: Utrekna | C82: =IF((C7)=0,0,(C57)/(C7)) | D82: kr | E82: DB med tilskot = Dekningsbidrag (DB) med tilskot [C57] ÷ Tal årskyr [C7] | F82: =IF((C7)=0,0,(C57)/(C7))
A83: Maskinkostnader | B83: Utrekna | C83: =IF((C7)=0,0,(C47)/(C7)) | D83: kr | E83: Maskinkostnader = Maskinkostnader fordelt [C47] ÷ Tal årskyr [C7] | F83: =IF((C7)=0,0,(C47)/(C7))
A84: Innandørsmekanisering | B84: Utrekna | C84: =IF((C7)=0,0,(C48)/(C7)) | D84: kr | E84: Innandørsmekanisering = Innandørsmekanisering fordelt [C48] ÷ Tal årskyr [C7] | F84: =IF((C7)=0,0,(C48)/(C7))
A85: DB m/tilskot etter maskin og innandørsmek. | B85: Utrekna | C85: =IF((C7)=0,0,(C58)/(C7)) | D85: kr | E85: DB m/tilskot etter maskin og innandørsmek. = DB m/tilskot etter maskin- og innandørskostnad [C58] ÷ Tal årskyr [C7] | F85: =IF((C7)=0,0,(C58)/(C7))
A86: 6. OUTPUT – Nøkkeltal
A87: DB pr liter mjølk u/tilskot | B87: Utrekna | C87: =IF((C8)=0,0,(C56)/(C8)) | D87: kr | E87: DB pr liter mjølk u/tilskot = Dekningsbidrag (DB) utan tilskot [C56] ÷ Levert mjølk [C8] | F87: =IF((C8)=0,0,(C56)/(C8))
A88: DB pr årsku u/tilskot | B88: Utrekna | C88: =IF((C7)=0,0,(C56)/(C7)) | D88: kr | E88: DB pr årsku u/tilskot = Dekningsbidrag (DB) utan tilskot [C56] ÷ Tal årskyr [C7] | F88: =IF((C7)=0,0,(C56)/(C7))
A89: DB pr årsku m/tilskot | B89: Utrekna | C89: =IF((C7)=0,0,(C57)/(C7)) | D89: kr | E89: DB pr årsku m/tilskot = Dekningsbidrag (DB) med tilskot [C57] ÷ Tal årskyr [C7] | F89: =IF((C7)=0,0,(C57)/(C7))
A90: DB pr dekar grovfôr u/tilskot | B90: Utrekna | C90: =IF(('Grovfôr'!C21*IF(('Grovfôr'!C38)=0,0,(C53)/('Grovfôr'!C38)))=0,0,(C56)/('Grovfôr'!C21*IF(('Grovfôr'!C38)=0,0,(C53)/('Grovfôr'!C38)))) | D90: kr | E90: DB pr dekar grovfôr u/tilskot = Dekningsbidrag (DB) utan tilskot [C56] ÷ (Korrigert grovfôrareal (overflate/1,25 + fulldyrka + kulturbeite/2,5) [Grovfôr!C21] × Sum eigen grovfôrproduksjon (utan lagerendring) [C53] ÷ Sum eigen grovfôrkostnad (fordelingsnøkkel areal) [Grovfôr!C38]) (Grovfôrarealet blir fordelt etter produksjonen sin del av eigen grovfôrkostnad) | F90: =IF(('Grovfôr'!C21*IF(('Grovfôr'!C38)=0,0,(C53)/('Grovfôr'!C38)))=0,0,(C56)/('Grovfôr'!C21*IF(('Grovfôr'!C38)=0,0,(C53)/('Grovfôr'!C38))))
A91: DB pr dekar grovfôr m/tilskot | B91: Utrekna | C91: =IF(('Grovfôr'!C21*IF(('Grovfôr'!C38)=0,0,(C53)/('Grovfôr'!C38)))=0,0,(C57)/('Grovfôr'!C21*IF(('Grovfôr'!C38)=0,0,(C53)/('Grovfôr'!C38)))) | D91: kr | E91: DB pr dekar grovfôr m/tilskot = Dekningsbidrag (DB) med tilskot [C57] ÷ (Korrigert grovfôrareal (overflate/1,25 + fulldyrka + kulturbeite/2,5) [Grovfôr!C21] × Sum eigen grovfôrproduksjon (utan lagerendring) [C53] ÷ Sum eigen grovfôrkostnad (fordelingsnøkkel areal) [Grovfôr!C38]) | F91: =IF(('Grovfôr'!C21*IF(('Grovfôr'!C38)=0,0,(C53)/('Grovfôr'!C38)))=0,0,(C57)/('Grovfôr'!C21*IF(('Grovfôr'!C38)=0,0,(C53)/('Grovfôr'!C38))))
A92: Variabel grovfôrkostnad pr dekar | B92: Lenkje frå anna ark | C92: ='Grovfôr'!C52 | D92: kr | E92: Variabel grovfôrkostnad pr dekar = Variabel grovfôrkostnad pr korrigert dekar [Grovfôr!C52] | F92: ='Grovfôr'!C52
A93: Maskinkostnader pr dekar grovfôr | B93: Lenkje frå anna ark | C93: ='Grovfôr'!C53 | D93: kr | E93: Maskinkostnader pr dekar grovfôr = Maskinkostnader pr dekar grovfôr [Grovfôr!C53] | F93: ='Grovfôr'!C53
A94: Korrigerte dekar pr «kueining» | B94: Lenkje frå anna ark | C94: ='Grovfôr'!C54 | D94: da | E94: Korrigerte dekar pr «kueining» = Korrigerte dekar pr «kueining» [Grovfôr!C54] | F94: ='Grovfôr'!C54
A95: Oppnådd mjølkepris pr liter (u/distriktstilskot) | B95: Utrekna | C95: =IF((C8)=0,0,(C22-C27)/(C8)) | D95: kr | E95: Oppnådd mjølkepris pr liter (u/distriktstilskot) = (Mjølk [C22] − Herav distriktstilskot mjølk [C27]) ÷ Levert mjølk [C8] | F95: =IF((C8)=0,0,(C22-C27)/(C8))
A96: Oppnådd slaktepris pr kg (u/distriktstilskot) | B96: Utrekna | C96: =IF((C10)=0,0,(C23-C28)/(C10)) | D96: kr | E96: Oppnådd slaktepris pr kg (u/distriktstilskot) = (Slakt [C23] − Herav distriktstilskot kjøt [C28]) ÷ Kg slakt storfe (mjølkeproduksjonen) [C10] | F96: =IF((C10)=0,0,(C23-C28)/(C10))
A97: Maskinkostnader pr liter | B97: Utrekna | C97: =IF((C8)=0,0,(C47)/(C8)) | D97: kr | E97: Maskinkostnader pr liter = Maskinkostnader fordelt [C47] ÷ Levert mjølk [C8] | F97: =IF((C8)=0,0,(C47)/(C8))
A98: Innandørsmekanisering pr liter | B98: Utrekna | C98: =IF((C8)=0,0,(C48)/(C8)) | D98: kr | E98: Innandørsmekanisering pr liter = Innandørsmekanisering fordelt [C48] ÷ Levert mjølk [C8] | F98: =IF((C8)=0,0,(C48)/(C8))
A99: Innandørsmekanisering pr årsku | B99: Utrekna | C99: =IF((C7)=0,0,(C48)/(C7)) | D99: kr | E99: Innandørsmekanisering pr årsku = Innandørsmekanisering fordelt [C48] ÷ Tal årskyr [C7] | F99: =IF((C7)=0,0,(C48)/(C7))
A100: Levert mjølk pr årsku (liter) | B100: Utrekna | C100: =IF((C7)=0,0,(C8)/(C7)) | D100: liter | E100: Levert mjølk pr årsku (liter) = Levert mjølk [C8] ÷ Tal årskyr [C7] | F100: =IF((C7)=0,0,(C8)/(C7))
A101: Påsettprosent | B101: Utrekna | C101: =C60 | D101: % | E101: Påsettprosent = Påsettprosent [C60] | F101: =C60
...

Sheet Oksar
A1: Okseproduksjon – driftsgrein 6120-6123
A2: Oksar/kastratar til slakt (driftsgrein 6120–6123).
A3: Fargekodar: blå tal på gul botn = input (skal fyllast inn) · svart = formel · grøn = lenkje frå anna ark. Alle kronebeløp er positive (inntekt og kostnad).
A5: Post | B5: Kjelde / Tripletex-konto | C5: Verdi | D5: Eining | E5: Formel forklart (korleis outputen blir rekna) | F5: Excel-formel
A6: 1. INPUT – Produksjonsdata (frå produksjonstabell / teljingar)
A7: Tal produserte oksar | B7: Produksjonstabell (EnhetAntall) | C7: 12 | D7: stk | E7: Input. Hentast frå: Produksjonstabell (EnhetAntall).
A8: Kg slakt | B8: Mengde 2 på konto 3041 (.516/.517/.518) | C8: 3960 | D8: kg | E8: Input. Hentast frå: Mengde 2 på konto 3041 (.516/.517/.518).
A9: Tal slakta oksar | B9: Mengde 1 på konto 3041 | C9: 12 | D9: stk | E9: Input. Hentast frå: Mengde 1 på konto 3041.
A10: Tal storfe selt til liv | B10: Mengde 1 på konto 3051 | C10: 0 | D10: stk | E10: Input. Hentast frå: Mengde 1 på konto 3051.
A11: Tal kjøpte kalvar | B11: Mengde 1 på konto 4610 | C11: 10 | D11: stk | E11: Input. Hentast frå: Mengde 1 på konto 4610.
A12: Oksar over 12 md pr 1.1. | B12: 1451.20.516 (IB) | C12: 6 | D12: stk | E12: Input. Hentast frå: 1451.20.516 (IB).
A13: Oksar over 12 md pr 31.12. | B13: 1451.20.516 (UB) | C13: 7 | D13: stk | E13: Input. Hentast frå: 1451.20.516 (UB).
A14: Oksar/kalvar under 12 md pr 1.1. | B14: 1451.20.517/518 (IB) | C14: 6 | D14: stk | E14: Input. Hentast frå: 1451.20.517/518 (IB).
A15: Oksar/kalvar under 12 md pr 31.12. | B15: 1451.20.517/518 (UB) | C15: 6 | D15: stk | E15: Input. Hentast frå: 1451.20.517/518 (UB).
A16: Fôrnorm beite (FEm) | B16: Fôrnorm pr okse og år (jf. marginalanalysen). Brukt til arealbehov og fordelingsnøklar | C16: 0 | D16: FEm | E16: Input. Hentast frå: Fôrnorm pr okse og år (jf. marginalanalysen). Brukt til arealbehov og fordelingsnøklar.
A17: Fôrnorm eige grovfôr vinter (FEm) | B17: Fôrnorm pr okse og år (jf. marginalanalysen). Brukt til arealbehov og fordelingsnøklar | C17: 1630 | D17: FEm | E17: Input. Hentast frå: Fôrnorm pr okse og år (jf. marginalanalysen). Brukt til arealbehov og fordelingsnøklar.
A18: Fôrnorm kraftfôr (FEm) | B18: Fôrnorm pr okse og år (jf. marginalanalysen). Brukt til arealbehov og fordelingsnøklar | C18: 1140 | D18: FEm | E18: Input. Hentast frå: Fôrnorm pr okse og år (jf. marginalanalysen). Brukt til arealbehov og fordelingsnøklar.
A19: 2. INPUT – Rekneskapstal (kr) frå saldobalansen etter korrigeringar
A20: Produksjonstilskot fordelt på produksjonen | B20: 34xx (ikkje 344x avløysartilskot) | C20: 95000 | D20: kr | E20: Input. Hentast frå: 34xx (ikkje 344x avløysartilskot).
A21: Slakt | B21: 3040-3049, 3162, 3172, 3078 | C21: 290000 | D21: kr | E21: Input. Hentast frå: 3040-3049, 3162, 3172, 3078.
A22: Livdyrsal | B22: 3050-3059 | C22: 0 | D22: kr | E22: Input. Hentast frå: 3050-3059.
A23: Buskap, beholdningsendring (+ = auke) | B23: 4690-4698 (forteikn snudd) | C23: 12000 | D23: kr | E23: Input. Hentast frå: 4690-4698 (forteikn snudd).
A24: Andre inntekter | B24: andre 3xxx kopla til produksjonen | C24: 0 | D24: kr | E24: Input. Hentast frå: andre 3xxx kopla til produksjonen.
A25: Herav distriktstilskot kjøt | B25: 3047 Slakt, distriktstilskot (del av slakteinntekta) | C25: 20790 | D25: kr | E25: Input. Hentast frå: 3047 Slakt, distriktstilskot (del av slakteinntekta). Er med i beløpet over, brukt berre til prisutrekning.
A26: Variable kostnader – eigen grovfôrproduksjon
A27: Såfrø / grasfrø | B27: 4001 | C27: 3000 | D27: kr | E27: Input. Hentast frå: 4001.
A28: Plantevernmiddel | B28: 4110, 4191 | C28: 1000 | D28: kr | E28: Input. Hentast frå: 4110, 4191.
A29: Rundballeplast mm. | B29: 4140, 4194 | C29: 6000 | D29: kr | E29: Input. Hentast frå: 4140, 4194.
A30: Handelsgjødsel | B30: 4050, 4095 | C30: 15000 | D30: kr | E30: Input. Hentast frå: 4050, 4095.
A31: Kalk | B31: 4057 | C31: 2000 | D31: kr | E31: Input. Hentast frå: 4057.
A32: Konserveringsmiddel | B32: 4080, 4098 | C32: 2500 | D32: kr | E32: Input. Hentast frå: 4080, 4098.
A33: Endring anna varelager (variable kostn.) | B33: 4090 | C33: 0 | D33: kr | E33: Input. Hentast frå: 4090.
A34: Endring eigenprodusert grovfôr (+ = nedgang i lager) | B34: 4297 | C34: -2000 | D34: kr | E34: Input. Hentast frå: 4297.
A35: Variable kostnader – anna
A36: Kjøp grovfôr | B36: 4030 | C36: 0 | D36: kr | E36: Input. Hentast frå: 4030.
A37: Beiteleige / dyr på beite | B37: 4031 | C37: 0 | D37: kr | E37: Input. Hentast frå: 4031.
A38: Endring innkjøpt grovfôrlager | B38: 4093 | C38: 0 | D38: kr | E38: Input. Hentast frå: 4093.
A39: Kraftfôr mm. | B39: 4020-4029, 4040-4049, 4092, 4094 | C39: 60000 | D39: kr | E39: Input. Hentast frå: 4020-4029, 4040-4049, 4092, 4094.
A40: Veterinær, medisin, semin mm. | B40: 4120, 4192, 4520-4529 | C40: 8000 | D40: kr | E40: Input. Hentast frå: 4120, 4192, 4520-4529.
A41: Innkjøp dyr | B41: 4600-4689 | C41: 70000 | D41: kr | E41: Input. Hentast frå: 4600-4689.
A42: Andre variable kostnader | B42: 4130-4139, 4193, 4530-4549, 4560-4569 + andre 4xxx | C42: 12000 | D42: kr | E42: Input. Hentast frå: 4130-4139, 4193, 4530-4549, 4560-4569 + andre 4xxx.
A43: 3. INPUT – Fordelte faste kostnader (lenka frå arket «Faste kostnader»)
A44: Maskinkostnader fordelt | B44: Lenkje frå anna ark | C44: ='Faste kostnader'!C47 | D44: kr | E44: Maskinkostnader fordelt = Maskinkostnader – Oksar [Faste kostnader!C47] | F44: ='Faste kostnader'!C47
A45: Innandørsmekanisering fordelt | B45: Lenkje frå anna ark | C45: ='Faste kostnader'!C78 | D45: kr | E45: Innandørsmekanisering fordelt = Innandørsmekanisering – Oksar [Faste kostnader!C78] | F45: ='Faste kostnader'!C78
A46: 4. UTREKNING – Totalt for produksjonen
A47: Produksjonsinntekter i alt | B47: Utrekna | C47: =C21+C22+C23+C24 | D47: kr | E47: Produksjonsinntekter i alt = Slakt [C21] + Livdyrsal [C22] + Buskap, beholdningsendring (+ = auke) [C23] + Andre inntekter [C24] | F47: =C21+C22+C23+C24
A48: Eigen grovfôr – sum variable kostnader | B48: Utrekna | C48: =C27+C28+C29+C30+C31+C32+C33+C34 | D48: kr | E48: Eigen grovfôr – sum variable kostnader = Såfrø / grasfrø [C27] + Plantevernmiddel [C28] + Rundballeplast mm. [C29] + Handelsgjødsel [C30] + Kalk [C31] + Konserveringsmiddel [C32] + Endring anna varelager (variable kostn.) [C33] + Endring eigenprodusert grovfôr (+ = nedgang i lager) [C34] | F48: =C27+C28+C29+C30+C31+C32+C33+C34
A49: Variabel grovfôrkostnad (utan plast og lagerendring eigenprodusert) | B49: Utrekna | C49: =C27+C28+C30+C31+C32+C33 | D49: kr | E49: Variabel grovfôrkostnad (utan plast og lagerendring eigenprodusert) = Såfrø / grasfrø [C27] + Plantevernmiddel [C28] + Handelsgjødsel [C30] + Kalk [C31] + Konserveringsmiddel [C32] + Endring anna varelager (variable kostn.) [C33] (Brukt i «Variabel grovfôrkostnad pr dekar» – same utval som eksempelanalysen) | F49: =C27+C28+C30+C31+C32+C33
A50: Sum eigen grovfôrproduksjon (utan lagerendring) | B50: Utrekna | C50: =C48-C34 | D50: kr | E50: Sum eigen grovfôrproduksjon (utan lagerendring) = Eigen grovfôr – sum variable kostnader [C48] − Endring eigenprodusert grovfôr (+ = nedgang i lager) [C34] (Brukt til å fordele grovfôrarealet mellom produksjonane) | F50: =C48-C34
A51: Grovfôr – kostnad i alt | B51: Utrekna | C51: =C48+C36+C38 | D51: kr | E51: Grovfôr – kostnad i alt = Eigen grovfôr – sum variable kostnader [C48] + Kjøp grovfôr [C36] + Endring innkjøpt grovfôrlager [C38] | F51: =C48+C36+C38
A52: Variable kostnader i alt | B52: Utrekna | C52: =C51+C37+C39+C40+C41+C42 | D52: kr | E52: Variable kostnader i alt = Grovfôr – kostnad i alt [C51] + Beiteleige / dyr på beite [C37] + Kraftfôr mm. [C39] + Veterinær, medisin, semin mm. [C40] + Innkjøp dyr [C41] + Andre variable kostnader [C42] | F52: =C51+C37+C39+C40+C41+C42
A53: Dekningsbidrag (DB) utan tilskot | B53: Utrekna | C53: =C47-C52 | D53: kr | E53: Dekningsbidrag (DB) utan tilskot = Produksjonsinntekter i alt [C47] − Variable kostnader i alt [C52] | F53: =C47-C52
A54: Dekningsbidrag (DB) med tilskot | B54: Utrekna | C54: =C53+C20 | D54: kr | E54: Dekningsbidrag (DB) med tilskot = Dekningsbidrag (DB) utan tilskot [C53] + Produksjonstilskot fordelt på produksjonen [C20] | F54: =C53+C20
A55: DB m/tilskot etter maskin- og innandørskostnad | B55: Utrekna | C55: =C54-C44-C45 | D55: kr | E55: DB m/tilskot etter maskin- og innandørskostnad = Dekningsbidrag (DB) med tilskot [C54] − Maskinkostnader fordelt [C44] − Innandørsmekanisering fordelt [C45] | F55: =C54-C44-C45
A56: «Kueiningar» | B56: Utrekna | C56: =((C14+C15)/8+(C12+C13)/4)/2 | D56: stk | E56: «Kueiningar» = ((Oksar/kalvar under 12 md pr 1.1. [C14] + Oksar/kalvar under 12 md pr 31.12. [C15]) / 8 + (Oksar over 12 md pr 1.1. [C12] + Oksar over 12 md pr 31.12. [C13]) / 4) / 2 (Vekting av dyretal (snitt 1.1. og 31.12.) – sjå formel) | F56: =((C14+C15)/8+(C12+C13)/4)/2
A57: 5. OUTPUT – Per eining (pr okse)
A58: Produksjonsinntekter pr okse
A59: Slakt | B59: Utrekna | C59: =IF((C7)=0,0,(C21)/(C7)) | D59: kr | E59: Slakt = Slakt [C21] ÷ Tal produserte oksar [C7] | F59: =IF((C7)=0,0,(C21)/(C7))
A60: Livdyrsal | B60: Utrekna | C60: =IF((C7)=0,0,(C22)/(C7)) | D60: kr | E60: Livdyrsal = Livdyrsal [C22] ÷ Tal produserte oksar [C7] | F60: =IF((C7)=0,0,(C22)/(C7))
A61: Buskap, beholdningsendring (+ = auke) | B61: Utrekna | C61: =IF((C7)=0,0,(C23)/(C7)) | D61: kr | E61: Buskap, beholdningsendring (+ = auke) = Buskap, beholdningsendring (+ = auke) [C23] ÷ Tal produserte oksar [C7] | F61: =IF((C7)=0,0,(C23)/(C7))
A62: Andre inntekter | B62: Utrekna | C62: =IF((C7)=0,0,(C24)/(C7)) | D62: kr | E62: Andre inntekter = Andre inntekter [C24] ÷ Tal produserte oksar [C7] | F62: =IF((C7)=0,0,(C24)/(C7))
A63: Produksjonsinntekter i alt | B63: Utrekna | C63: =IF((C7)=0,0,(C47)/(C7)) | D63: kr | E63: Produksjonsinntekter i alt = Produksjonsinntekter i alt [C47] ÷ Tal produserte oksar [C7] | F63: =IF((C7)=0,0,(C47)/(C7))
A64: Variable kostnader pr okse
A65: Eigen grovfôrproduksjon | B65: Utrekna | C65: =IF((C7)=0,0,(C50)/(C7)) | D65: kr | E65: Eigen grovfôrproduksjon = Sum eigen grovfôrproduksjon (utan lagerendring) [C50] ÷ Tal produserte oksar [C7] | F65: =IF((C7)=0,0,(C50)/(C7))
A66: Kjøpt grovfôr | B66: Utrekna | C66: =IF((C7)=0,0,(C36)/(C7)) | D66: kr | E66: Kjøpt grovfôr = Kjøp grovfôr [C36] ÷ Tal produserte oksar [C7] | F66: =IF((C7)=0,0,(C36)/(C7))
A67: Varelager endring grovfôr | B67: Utrekna | C67: =IF((C7)=0,0,(C34+C38)/(C7)) | D67: kr | E67: Varelager endring grovfôr = (Endring eigenprodusert grovfôr (+ = nedgang i lager) [C34] + Endring innkjøpt grovfôrlager [C38]) ÷ Tal produserte oksar [C7] | F67: =IF((C7)=0,0,(C34+C38)/(C7))
A68: Beiteleige | B68: Utrekna | C68: =IF((C7)=0,0,(C37)/(C7)) | D68: kr | E68: Beiteleige = Beiteleige / dyr på beite [C37] ÷ Tal produserte oksar [C7] | F68: =IF((C7)=0,0,(C37)/(C7))
A69: Kraftfôr mm. | B69: Utrekna | C69: =IF((C7)=0,0,(C39)/(C7)) | D69: kr | E69: Kraftfôr mm. = Kraftfôr mm. [C39] ÷ Tal produserte oksar [C7] | F69: =IF((C7)=0,0,(C39)/(C7))
A70: Veterinær, medisin, semin mm. | B70: Utrekna | C70: =IF((C7)=0,0,(C40)/(C7)) | D70: kr | E70: Veterinær, medisin, semin mm. = Veterinær, medisin, semin mm. [C40] ÷ Tal produserte oksar [C7] | F70: =IF((C7)=0,0,(C40)/(C7))
A71: Innkjøp dyr | B71: Utrekna | C71: =IF((C7)=0,0,(C41)/(C7)) | D71: kr | E71: Innkjøp dyr = Innkjøp dyr [C41] ÷ Tal produserte oksar [C7] | F71: =IF((C7)=0,0,(C41)/(C7))
A72: Andre variable kostnader | B72: Utrekna | C72: =IF((C7)=0,0,(C42)/(C7)) | D72: kr | E72: Andre variable kostnader = Andre variable kostnader [C42] ÷ Tal produserte oksar [C7] | F72: =IF((C7)=0,0,(C42)/(C7))
A73: Sum variable kostnader | B73: Utrekna | C73: =IF((C7)=0,0,(C52)/(C7)) | D73: kr | E73: Sum variable kostnader = Variable kostnader i alt [C52] ÷ Tal produserte oksar [C7] | F73: =IF((C7)=0,0,(C52)/(C7))
A74: Resultat pr okse
A75: DB utan tilskot | B75: Utrekna | C75: =IF((C7)=0,0,(C53)/(C7)) | D75: kr | E75: DB utan tilskot = Dekningsbidrag (DB) utan tilskot [C53] ÷ Tal produserte oksar [C7] | F75: =IF((C7)=0,0,(C53)/(C7))
A76: Tilskot | B76: Utrekna | C76: =IF((C7)=0,0,(C20)/(C7)) | D76: kr | E76: Tilskot = Produksjonstilskot fordelt på produksjonen [C20] ÷ Tal produserte oksar [C7] | F76: =IF((C7)=0,0,(C20)/(C7))
A77: DB med tilskot | B77: Utrekna | C77: =IF((C7)=0,0,(C54)/(C7)) | D77: kr | E77: DB med tilskot = Dekningsbidrag (DB) med tilskot [C54] ÷ Tal produserte oksar [C7] | F77: =IF((C7)=0,0,(C54)/(C7))
A78: Maskinkostnader | B78: Utrekna | C78: =IF((C7)=0,0,(C44)/(C7)) | D78: kr | E78: Maskinkostnader = Maskinkostnader fordelt [C44] ÷ Tal produserte oksar [C7] | F78: =IF((C7)=0,0,(C44)/(C7))
A79: Innandørsmekanisering | B79: Utrekna | C79: =IF((C7)=0,0,(C45)/(C7)) | D79: kr | E79: Innandørsmekanisering = Innandørsmekanisering fordelt [C45] ÷ Tal produserte oksar [C7] | F79: =IF((C7)=0,0,(C45)/(C7))
A80: DB m/tilskot etter maskin og innandørsmek. | B80: Utrekna | C80: =IF((C7)=0,0,(C55)/(C7)) | D80: kr | E80: DB m/tilskot etter maskin og innandørsmek. = DB m/tilskot etter maskin- og innandørskostnad [C55] ÷ Tal produserte oksar [C7] | F80: =IF((C7)=0,0,(C55)/(C7))
A81: 6. OUTPUT – Nøkkeltal
A82: DB pr okse u/tilskot | B82: Utrekna | C82: =IF((C7)=0,0,(C53)/(C7)) | D82: kr | E82: DB pr okse u/tilskot = Dekningsbidrag (DB) utan tilskot [C53] ÷ Tal produserte oksar [C7] | F82: =IF((C7)=0,0,(C53)/(C7))
A83: DB pr okse m/tilskot | B83: Utrekna | C83: =IF((C7)=0,0,(C54)/(C7)) | D83: kr | E83: DB pr okse m/tilskot = Dekningsbidrag (DB) med tilskot [C54] ÷ Tal produserte oksar [C7] | F83: =IF((C7)=0,0,(C54)/(C7))
A84: DB pr dekar grovfôr u/tilskot | B84: Utrekna | C84: =IF(('Grovfôr'!C21*IF(('Grovfôr'!C38)=0,0,(C50)/('Grovfôr'!C38)))=0,0,(C53)/('Grovfôr'!C21*IF(('Grovfôr'!C38)=0,0,(C50)/('Grovfôr'!C38)))) | D84: kr | E84: DB pr dekar grovfôr u/tilskot = Dekningsbidrag (DB) utan tilskot [C53] ÷ (Korrigert grovfôrareal (overflate/1,25 + fulldyrka + kulturbeite/2,5) [Grovfôr!C21] × Sum eigen grovfôrproduksjon (utan lagerendring) [C50] ÷ Sum eigen grovfôrkostnad (fordelingsnøkkel areal) [Grovfôr!C38]) (Grovfôrarealet blir fordelt etter produksjonen sin del av eigen grovfôrkostnad) | F84: =IF(('Grovfôr'!C21*IF(('Grovfôr'!C38)=0,0,(C50)/('Grovfôr'!C38)))=0,0,(C53)/('Grovfôr'!C21*IF(('Grovfôr'!C38)=0,0,(C50)/('Grovfôr'!C38))))
A85: DB pr dekar grovfôr m/tilskot | B85: Utrekna | C85: =IF(('Grovfôr'!C21*IF(('Grovfôr'!C38)=0,0,(C50)/('Grovfôr'!C38)))=0,0,(C54)/('Grovfôr'!C21*IF(('Grovfôr'!C38)=0,0,(C50)/('Grovfôr'!C38)))) | D85: kr | E85: DB pr dekar grovfôr m/tilskot = Dekningsbidrag (DB) med tilskot [C54] ÷ (Korrigert grovfôrareal (overflate/1,25 + fulldyrka + kulturbeite/2,5) [Grovfôr!C21] × Sum eigen grovfôrproduksjon (utan lagerendring) [C50] ÷ Sum eigen grovfôrkostnad (fordelingsnøkkel areal) [Grovfôr!C38]) | F85: =IF(('Grovfôr'!C21*IF(('Grovfôr'!C38)=0,0,(C50)/('Grovfôr'!C38)))=0,0,(C54)/('Grovfôr'!C21*IF(('Grovfôr'!C38)=0,0,(C50)/('Grovfôr'!C38))))
A86: Variabel grovfôrkostnad pr dekar | B86: Lenkje frå anna ark | C86: ='Grovfôr'!C52 | D86: kr | E86: Variabel grovfôrkostnad pr dekar = Variabel grovfôrkostnad pr korrigert dekar [Grovfôr!C52] | F86: ='Grovfôr'!C52
A87: Maskinkostnader pr dekar grovfôr | B87: Lenkje frå anna ark | C87: ='Grovfôr'!C53 | D87: kr | E87: Maskinkostnader pr dekar grovfôr = Maskinkostnader pr dekar grovfôr [Grovfôr!C53] | F87: ='Grovfôr'!C53
A88: Korrigerte dekar pr «kueining» | B88: Lenkje frå anna ark | C88: ='Grovfôr'!C54 | D88: da | E88: Korrigerte dekar pr «kueining» = Korrigerte dekar pr «kueining» [Grovfôr!C54] | F88: ='Grovfôr'!C54
A89: Snitt slaktepris pr okse | B89: Utrekna | C89: =IF((C9)=0,0,(C21)/(C9)) | D89: kr | E89: Snitt slaktepris pr okse = Slakt [C21] ÷ Tal slakta oksar [C9] | F89: =IF((C9)=0,0,(C21)/(C9))
A90: Snitt kjøpspris pr kalv | B90: Utrekna | C90: =IF((C11)=0,0,(C41)/(C11)) | D90: kr | E90: Snitt kjøpspris pr kalv = Innkjøp dyr [C41] ÷ Tal kjøpte kalvar [C11] | F90: =IF((C11)=0,0,(C41)/(C11))
A91: Slaktepris – kjøpspris pr okse | B91: Utrekna | C91: =IF((C9)=0,0,(C21)/(C9))-IF((C11)=0,0,(C41)/(C11)) | D91: kr | E91: Slaktepris – kjøpspris pr okse = Slakt [C21] ÷ Tal slakta oksar [C9] − Innkjøp dyr [C41] ÷ Tal kjøpte kalvar [C11] | F91: =IF((C9)=0,0,(C21)/(C9))-IF((C11)=0,0,(C41)/(C11))
A92: Oppnådd pris pr kg slakt (u/distriktstilskot) | B92: Utrekna | C92: =IF((C8)=0,0,(C21-C25)/(C8)) | D92: kr | E92: Oppnådd pris pr kg slakt (u/distriktstilskot) = (Slakt [C21] − Herav distriktstilskot kjøt [C25]) ÷ Kg slakt [C8] | F92: =IF((C8)=0,0,(C21-C25)/(C8))
A93: Slaktevekt pr okse (kg) | B93: Utrekna | C93: =IF((C9)=0,0,(C8)/(C9)) | D93: kg | E93: Slaktevekt pr okse (kg) = Kg slakt [C8] ÷ Tal slakta oksar [C9] | F93: =IF((C9)=0,0,(C8)/(C9))
A94: Innandørsmekanisering pr okse | B94: Utrekna | C94: =IF((C7)=0,0,(C45)/(C7)) | D94: kr | E94: Innandørsmekanisering pr okse = Innandørsmekanisering fordelt [C45] ÷ Tal produserte oksar [C7] | F94: =IF((C7)=0,0,(C45)/(C7))
A95: Tapsprosent | B95: Utrekna | C95: =MAX(0,IF((C12+C14+C11)=0,0,((C12+C14+C11)-(C13+C15+C9+C10))/(C12+C14+C11))) | D95: % | E95: Tapsprosent = MAKS(0; ((Oksar over 12 md pr 1.1. [C12] + Oksar/kalvar under 12 md pr 1.1. [C14] + Tal kjøpte kalvar [C11]) − (Oksar over 12 md pr 31.12. [C13] + Oksar/kalvar under 12 md pr 31.12. [C15] + Tal slakta oksar [C9] + Tal storfe selt til liv [C10])) ÷ (Oksar over 12 md pr 1.1. [C12] + Oksar/kalvar under 12 md pr 1.1. [C14] + Tal kjøpte kalvar [C11])) ((Inngåande dyr + kjøpte) – (utgåande dyr + slakta + selde), delt på inngåande + kjøpte) | F95: =MAX(0,IF((C12+C14+C11)=0,0,((C12+C14+C11)-(C13+C15+C9+C10))/(C12+C14+C11)))

Sheet Mellomkalv
A1: Mellomkalv – driftsgrein 6124
A2: Mellomkalv (driftsgrein 6124).
A3: Fargekodar: blå tal på gul botn = input (skal fyllast inn) · svart = formel · grøn = lenkje frå anna ark. Alle kronebeløp er positive (inntekt og kostnad).
A5: Post | B5: Kjelde / Tripletex-konto | C5: Verdi | D5: Eining | E5: Formel forklart (korleis outputen blir rekna) | F5: Excel-formel
A6: 1. INPUT – Produksjonsdata (frå produksjonstabell / teljingar)
A7: Tal produserte kalvar | B7: Produksjonstabell (EnhetAntall) | C7: 20 | D7: stk | E7: Input. Hentast frå: Produksjonstabell (EnhetAntall).
A8: Kg slakt | B8: Mengde 2 på konto 3041 | C8: 3400 | D8: kg | E8: Input. Hentast frå: Mengde 2 på konto 3041.
A9: Tal slakta kalvar | B9: Mengde 1 på konto 3041 | C9: 20 | D9: stk | E9: Input. Hentast frå: Mengde 1 på konto 3041.
A10: Tal selt til liv | B10: Mengde 1 på konto 3051 | C10: 0 | D10: stk | E10: Input. Hentast frå: Mengde 1 på konto 3051.
A11: Tal kjøpte kalvar | B11: Mengde 1 på konto 4610 | C11: 20 | D11: stk | E11: Input. Hentast frå: Mengde 1 på konto 4610.
A12: Ungdyr over 12 md pr 1.1. | B12: 1451.20 (IB) | C12: 0 | D12: stk | E12: Input. Hentast frå: 1451.20 (IB).
A13: Ungdyr over 12 md pr 31.12. | B13: 1451.20 (UB) | C13: 0 | D13: stk | E13: Input. Hentast frå: 1451.20 (UB).
A14: Kalvar under 12 md pr 1.1. | B14: 1451.20 (IB) | C14: 8 | D14: stk | E14: Input. Hentast frå: 1451.20 (IB).
A15: Kalvar under 12 md pr 31.12. | B15: 1451.20 (UB) | C15: 8 | D15: stk | E15: Input. Hentast frå: 1451.20 (UB).
A16: Fôrnorm beite (FEm) | B16: Fôrnorm pr kalv og år (jf. marginalanalysen). Brukt til arealbehov og fordelingsnøklar | C16: 0 | D16: FEm | E16: Input. Hentast frå: Fôrnorm pr kalv og år (jf. marginalanalysen). Brukt til arealbehov og fordelingsnøklar.
A17: Fôrnorm eige grovfôr vinter (FEm) | B17: Fôrnorm pr kalv og år (jf. marginalanalysen). Brukt til arealbehov og fordelingsnøklar | C17: 600 | D17: FEm | E17: Input. Hentast frå: Fôrnorm pr kalv og år (jf. marginalanalysen). Brukt til arealbehov og fordelingsnøklar.
A18: Fôrnorm kraftfôr (FEm) | B18: Fôrnorm pr kalv og år (jf. marginalanalysen). Brukt til arealbehov og fordelingsnøklar | C18: 400 | D18: FEm | E18: Input. Hentast frå: Fôrnorm pr kalv og år (jf. marginalanalysen). Brukt til arealbehov og fordelingsnøklar.
A19: 2. INPUT – Rekneskapstal (kr) frå saldobalansen etter korrigeringar
A20: Produksjonstilskot fordelt på produksjonen | B20: 34xx (ikkje 344x avløysartilskot) | C20: 30000 | D20: kr | E20: Input. Hentast frå: 34xx (ikkje 344x avløysartilskot).
A21: Slakt | B21: 3040-3049, 3162, 3172, 3078 | C21: 180000 | D21: kr | E21: Input. Hentast frå: 3040-3049, 3162, 3172, 3078.
A22: Livdyrsal | B22: 3050-3059 | C22: 0 | D22: kr | E22: Input. Hentast frå: 3050-3059.
A23: Buskap, beholdningsendring (+ = auke) | B23: 4690-4698 (forteikn snudd) | C23: 0 | D23: kr | E23: Input. Hentast frå: 4690-4698 (forteikn snudd).
A24: Andre inntekter | B24: andre 3xxx kopla til produksjonen | C24: 0 | D24: kr | E24: Input. Hentast frå: andre 3xxx kopla til produksjonen.
A25: Herav distriktstilskot kjøt | B25: 3047 Slakt, distriktstilskot (del av slakteinntekta) | C25: 8000 | D25: kr | E25: Input. Hentast frå: 3047 Slakt, distriktstilskot (del av slakteinntekta). Er med i beløpet over, brukt berre til prisutrekning.
A26: Variable kostnader – eigen grovfôrproduksjon
A27: Såfrø / grasfrø | B27: 4001 | C27: 500 | D27: kr | E27: Input. Hentast frå: 4001.
A28: Plantevernmiddel | B28: 4110, 4191 | C28: 0 | D28: kr | E28: Input. Hentast frå: 4110, 4191.
A29: Rundballeplast mm. | B29: 4140, 4194 | C29: 1500 | D29: kr | E29: Input. Hentast frå: 4140, 4194.
A30: Handelsgjødsel | B30: 4050, 4095 | C30: 3000 | D30: kr | E30: Input. Hentast frå: 4050, 4095.
A31: Kalk | B31: 4057 | C31: 500 | D31: kr | E31: Input. Hentast frå: 4057.
A32: Konserveringsmiddel | B32: 4080, 4098 | C32: 500 | D32: kr | E32: Input. Hentast frå: 4080, 4098.
A33: Endring anna varelager (variable kostn.) | B33: 4090 | C33: 0 | D33: kr | E33: Input. Hentast frå: 4090.
A34: Endring eigenprodusert grovfôr (+ = nedgang i lager) | B34: 4297 | C34: 0 | D34: kr | E34: Input. Hentast frå: 4297.
A35: Variable kostnader – anna
A36: Kjøp grovfôr | B36: 4030 | C36: 0 | D36: kr | E36: Input. Hentast frå: 4030.
A37: Beiteleige / dyr på beite | B37: 4031 | C37: 0 | D37: kr | E37: Input. Hentast frå: 4031.
A38: Endring innkjøpt grovfôrlager | B38: 4093 | C38: 0 | D38: kr | E38: Input. Hentast frå: 4093.
A39: Kraftfôr mm. | B39: 4020-4029, 4040-4049, 4092, 4094 | C39: 30000 | D39: kr | E39: Input. Hentast frå: 4020-4029, 4040-4049, 4092, 4094.
A40: Veterinær, medisin, semin mm. | B40: 4120, 4192, 4520-4529 | C40: 6000 | D40: kr | E40: Input. Hentast frå: 4120, 4192, 4520-4529.
A41: Innkjøp dyr | B41: 4600-4689 | C41: 90000 | D41: kr | E41: Input. Hentast frå: 4600-4689.
A42: Andre variable kostnader | B42: 4130-4139, 4193, 4530-4549, 4560-4569 + andre 4xxx | C42: 6000 | D42: kr | E42: Input. Hentast frå: 4130-4139, 4193, 4530-4549, 4560-4569 + andre 4xxx.
A43: 3. INPUT – Fordelte faste kostnader (lenka frå arket «Faste kostnader»)
A44: Maskinkostnader fordelt | B44: Lenkje frå anna ark | C44: ='Faste kostnader'!C48 | D44: kr | E44: Maskinkostnader fordelt = Maskinkostnader – Mellomkalv [Faste kostnader!C48] | F44: ='Faste kostnader'!C48
A45: Innandørsmekanisering fordelt | B45: Lenkje frå anna ark | C45: ='Faste kostnader'!C79 | D45: kr | E45: Innandørsmekanisering fordelt = Innandørsmekanisering – Mellomkalv [Faste kostnader!C79] | F45: ='Faste kostnader'!C79
A46: 4. UTREKNING – Totalt for produksjonen
A47: Produksjonsinntekter i alt | B47: Utrekna | C47: =C21+C22+C23+C24 | D47: kr | E47: Produksjonsinntekter i alt = Slakt [C21] + Livdyrsal [C22] + Buskap, beholdningsendring (+ = auke) [C23] + Andre inntekter [C24] | F47: =C21+C22+C23+C24
A48: Eigen grovfôr – sum variable kostnader | B48: Utrekna | C48: =C27+C28+C29+C30+C31+C32+C33+C34 | D48: kr | E48: Eigen grovfôr – sum variable kostnader = Såfrø / grasfrø [C27] + Plantevernmiddel [C28] + Rundballeplast mm. [C29] + Handelsgjødsel [C30] + Kalk [C31] + Konserveringsmiddel [C32] + Endring anna varelager (variable kostn.) [C33] + Endring eigenprodusert grovfôr (+ = nedgang i lager) [C34] | F48: =C27+C28+C29+C30+C31+C32+C33+C34
A49: Variabel grovfôrkostnad (utan plast og lagerendring eigenprodusert) | B49: Utrekna | C49: =C27+C28+C30+C31+C32+C33 | D49: kr | E49: Variabel grovfôrkostnad (utan plast og lagerendring eigenprodusert) = Såfrø / grasfrø [C27] + Plantevernmiddel [C28] + Handelsgjødsel [C30] + Kalk [C31] + Konserveringsmiddel [C32] + Endring anna varelager (variable kostn.) [C33] (Brukt i «Variabel grovfôrkostnad pr dekar» – same utval som eksempelanalysen) | F49: =C27+C28+C30+C31+C32+C33
A50: Sum eigen grovfôrproduksjon (utan lagerendring) | B50: Utrekna | C50: =C48-C34 | D50: kr | E50: Sum eigen grovfôrproduksjon (utan lagerendring) = Eigen grovfôr – sum variable kostnader [C48] − Endring eigenprodusert grovfôr (+ = nedgang i lager) [C34] (Brukt til å fordele grovfôrarealet mellom produksjonane) | F50: =C48-C34
A51: Grovfôr – kostnad i alt | B51: Utrekna | C51: =C48+C36+C38 | D51: kr | E51: Grovfôr – kostnad i alt = Eigen grovfôr – sum variable kostnader [C48] + Kjøp grovfôr [C36] + Endring innkjøpt grovfôrlager [C38] | F51: =C48+C36+C38
A52: Variable kostnader i alt | B52: Utrekna | C52: =C51+C37+C39+C40+C41+C42 | D52: kr | E52: Variable kostnader i alt = Grovfôr – kostnad i alt [C51] + Beiteleige / dyr på beite [C37] + Kraftfôr mm. [C39] + Veterinær, medisin, semin mm. [C40] + Innkjøp dyr [C41] + Andre variable kostnader [C42] | F52: =C51+C37+C39+C40+C41+C42
A53: Dekningsbidrag (DB) utan tilskot | B53: Utrekna | C53: =C47-C52 | D53: kr | E53: Dekningsbidrag (DB) utan tilskot = Produksjonsinntekter i alt [C47] − Variable kostnader i alt [C52] | F53: =C47-C52
A54: Dekningsbidrag (DB) med tilskot | B54: Utrekna | C54: =C53+C20 | D54: kr | E54: Dekningsbidrag (DB) med tilskot = Dekningsbidrag (DB) utan tilskot [C53] + Produksjonstilskot fordelt på produksjonen [C20] | F54: =C53+C20
A55: DB m/tilskot etter maskin- og innandørskostnad | B55: Utrekna | C55: =C54-C44-C45 | D55: kr | E55: DB m/tilskot etter maskin- og innandørskostnad = Dekningsbidrag (DB) med tilskot [C54] − Maskinkostnader fordelt [C44] − Innandørsmekanisering fordelt [C45] | F55: =C54-C44-C45
A56: «Kueiningar» | B56: Utrekna | C56: =((C14+C15)/8+(C12+C13)/4)/2 | D56: stk | E56: «Kueiningar» = ((Kalvar under 12 md pr 1.1. [C14] + Kalvar under 12 md pr 31.12. [C15]) / 8 + (Ungdyr over 12 md pr 1.1. [C12] + Ungdyr over 12 md pr 31.12. [C13]) / 4) / 2 (Vekting av dyretal (snitt 1.1. og 31.12.) – sjå formel) | F56: =((C14+C15)/8+(C12+C13)/4)/2
A57: 5. OUTPUT – Per eining (pr kalv)
A58: Produksjonsinntekter pr kalv
A59: Slakt | B59: Utrekna | C59: =IF((C7)=0,0,(C21)/(C7)) | D59: kr | E59: Slakt = Slakt [C21] ÷ Tal produserte kalvar [C7] | F59: =IF((C7)=0,0,(C21)/(C7))
A60: Livdyrsal | B60: Utrekna | C60: =IF((C7)=0,0,(C22)/(C7)) | D60: kr | E60: Livdyrsal = Livdyrsal [C22] ÷ Tal produserte kalvar [C7] | F60: =IF((C7)=0,0,(C22)/(C7))
A61: Buskap, beholdningsendring (+ = auke) | B61: Utrekna | C61: =IF((C7)=0,0,(C23)/(C7)) | D61: kr | E61: Buskap, beholdningsendring (+ = auke) = Buskap, beholdningsendring (+ = auke) [C23] ÷ Tal produserte kalvar [C7] | F61: =IF((C7)=0,0,(C23)/(C7))
A62: Andre inntekter | B62: Utrekna | C62: =IF((C7)=0,0,(C24)/(C7)) | D62: kr | E62: Andre inntekter = Andre inntekter [C24] ÷ Tal produserte kalvar [C7] | F62: =IF((C7)=0,0,(C24)/(C7))
A63: Produksjonsinntekter i alt | B63: Utrekna | C63: =IF((C7)=0,0,(C47)/(C7)) | D63: kr | E63: Produksjonsinntekter i alt = Produksjonsinntekter i alt [C47] ÷ Tal produserte kalvar [C7] | F63: =IF((C7)=0,0,(C47)/(C7))
A64: Variable kostnader pr kalv
A65: Eigen grovfôrproduksjon | B65: Utrekna | C65: =IF((C7)=0,0,(C50)/(C7)) | D65: kr | E65: Eigen grovfôrproduksjon = Sum eigen grovfôrproduksjon (utan lagerendring) [C50] ÷ Tal produserte kalvar [C7] | F65: =IF((C7)=0,0,(C50)/(C7))
A66: Kjøpt grovfôr | B66: Utrekna | C66: =IF((C7)=0,0,(C36)/(C7)) | D66: kr | E66: Kjøpt grovfôr = Kjøp grovfôr [C36] ÷ Tal produserte kalvar [C7] | F66: =IF((C7)=0,0,(C36)/(C7))
A67: Varelager endring grovfôr | B67: Utrekna | C67: =IF((C7)=0,0,(C34+C38)/(C7)) | D67: kr | E67: Varelager endring grovfôr = (Endring eigenprodusert grovfôr (+ = nedgang i lager) [C34] + Endring innkjøpt grovfôrlager [C38]) ÷ Tal produserte kalvar [C7] | F67: =IF((C7)=0,0,(C34+C38)/(C7))
A68: Beiteleige | B68: Utrekna | C68: =IF((C7)=0,0,(C37)/(C7)) | D68: kr | E68: Beiteleige = Beiteleige / dyr på beite [C37] ÷ Tal produserte kalvar [C7] | F68: =IF((C7)=0,0,(C37)/(C7))
A69: Kraftfôr mm. | B69: Utrekna | C69: =IF((C7)=0,0,(C39)/(C7)) | D69: kr | E69: Kraftfôr mm. = Kraftfôr mm. [C39] ÷ Tal produserte kalvar [C7] | F69: =IF((C7)=0,0,(C39)/(C7))
A70: Veterinær, medisin, semin mm. | B70: Utrekna | C70: =IF((C7)=0,0,(C40)/(C7)) | D70: kr | E70: Veterinær, medisin, semin mm. = Veterinær, medisin, semin mm. [C40] ÷ Tal produserte kalvar [C7] | F70: =IF((C7)=0,0,(C40)/(C7))
A71: Innkjøp dyr | B71: Utrekna | C71: =IF((C7)=0,0,(C41)/(C7)) | D71: kr | E71: Innkjøp dyr = Innkjøp dyr [C41] ÷ Tal produserte kalvar [C7] | F71: =IF((C7)=0,0,(C41)/(C7))
A72: Andre variable kostnader | B72: Utrekna | C72: =IF((C7)=0,0,(C42)/(C7)) | D72: kr | E72: Andre variable kostnader = Andre variable kostnader [C42] ÷ Tal produserte kalvar [C7] | F72: =IF((C7)=0,0,(C42)/(C7))
A73: Sum variable kostnader | B73: Utrekna | C73: =IF((C7)=0,0,(C52)/(C7)) | D73: kr | E73: Sum variable kostnader = Variable kostnader i alt [C52] ÷ Tal produserte kalvar [C7] | F73: =IF((C7)=0,0,(C52)/(C7))
A74: Resultat pr kalv
A75: DB utan tilskot | B75: Utrekna | C75: =IF((C7)=0,0,(C53)/(C7)) | D75: kr | E75: DB utan tilskot = Dekningsbidrag (DB) utan tilskot [C53] ÷ Tal produserte kalvar [C7] | F75: =IF((C7)=0,0,(C53)/(C7))
A76: Tilskot | B76: Utrekna | C76: =IF((C7)=0,0,(C20)/(C7)) | D76: kr | E76: Tilskot = Produksjonstilskot fordelt på produksjonen [C20] ÷ Tal produserte kalvar [C7] | F76: =IF((C7)=0,0,(C20)/(C7))
A77: DB med tilskot | B77: Utrekna | C77: =IF((C7)=0,0,(C54)/(C7)) | D77: kr | E77: DB med tilskot = Dekningsbidrag (DB) med tilskot [C54] ÷ Tal produserte kalvar [C7] | F77: =IF((C7)=0,0,(C54)/(C7))
A78: Maskinkostnader | B78: Utrekna | C78: =IF((C7)=0,0,(C44)/(C7)) | D78: kr | E78: Maskinkostnader = Maskinkostnader fordelt [C44] ÷ Tal produserte kalvar [C7] | F78: =IF((C7)=0,0,(C44)/(C7))
A79: Innandørsmekanisering | B79: Utrekna | C79: =IF((C7)=0,0,(C45)/(C7)) | D79: kr | E79: Innandørsmekanisering = Innandørsmekanisering fordelt [C45] ÷ Tal produserte kalvar [C7] | F79: =IF((C7)=0,0,(C45)/(C7))
A80: DB m/tilskot etter maskin og innandørsmek. | B80: Utrekna | C80: =IF((C7)=0,0,(C55)/(C7)) | D80: kr | E80: DB m/tilskot etter maskin og innandørsmek. = DB m/tilskot etter maskin- og innandørskostnad [C55] ÷ Tal produserte kalvar [C7] | F80: =IF((C7)=0,0,(C55)/(C7))
A81: 6. OUTPUT – Nøkkeltal
A82: DB pr kalv u/tilskot | B82: Utrekna | C82: =IF((C7)=0,0,(C53)/(C7)) | D82: kr | E82: DB pr kalv u/tilskot = Dekningsbidrag (DB) utan tilskot [C53] ÷ Tal produserte kalvar [C7] | F82: =IF((C7)=0,0,(C53)/(C7))
A83: DB pr kalv m/tilskot | B83: Utrekna | C83: =IF((C7)=0,0,(C54)/(C7)) | D83: kr | E83: DB pr kalv m/tilskot = Dekningsbidrag (DB) med tilskot [C54] ÷ Tal produserte kalvar [C7] | F83: =IF((C7)=0,0,(C54)/(C7))
A84: DB pr dekar grovfôr u/tilskot | B84: Utrekna | C84: =IF(('Grovfôr'!C21*IF(('Grovfôr'!C38)=0,0,(C50)/('Grovfôr'!C38)))=0,0,(C53)/('Grovfôr'!C21*IF(('Grovfôr'!C38)=0,0,(C50)/('Grovfôr'!C38)))) | D84: kr | E84: DB pr dekar grovfôr u/tilskot = Dekningsbidrag (DB) utan tilskot [C53] ÷ (Korrigert grovfôrareal (overflate/1,25 + fulldyrka + kulturbeite/2,5) [Grovfôr!C21] × Sum eigen grovfôrproduksjon (utan lagerendring) [C50] ÷ Sum eigen grovfôrkostnad (fordelingsnøkkel areal) [Grovfôr!C38]) (Grovfôrarealet blir fordelt etter produksjonen sin del av eigen grovfôrkostnad) | F84: =IF(('Grovfôr'!C21*IF(('Grovfôr'!C38)=0,0,(C50)/('Grovfôr'!C38)))=0,0,(C53)/('Grovfôr'!C21*IF(('Grovfôr'!C38)=0,0,(C50)/('Grovfôr'!C38))))
A85: DB pr dekar grovfôr m/tilskot | B85: Utrekna | C85: =IF(('Grovfôr'!C21*IF(('Grovfôr'!C38)=0,0,(C50)/('Grovfôr'!C38)))=0,0,(C54)/('Grovfôr'!C21*IF(('Grovfôr'!C38)=0,0,(C50)/('Grovfôr'!C38)))) | D85: kr | E85: DB pr dekar grovfôr m/tilskot = Dekningsbidrag (DB) med tilskot [C54] ÷ (Korrigert grovfôrareal (overflate/1,25 + fulldyrka + kulturbeite/2,5) [Grovfôr!C21] × Sum eigen grovfôrproduksjon (utan lagerendring) [C50] ÷ Sum eigen grovfôrkostnad (fordelingsnøkkel areal) [Grovfôr!C38]) | F85: =IF(('Grovfôr'!C21*IF(('Grovfôr'!C38)=0,0,(C50)/('Grovfôr'!C38)))=0,0,(C54)/('Grovfôr'!C21*IF(('Grovfôr'!C38)=0,0,(C50)/('Grovfôr'!C38))))
A86: Variabel grovfôrkostnad pr dekar | B86: Lenkje frå anna ark | C86: ='Grovfôr'!C52 | D86: kr | E86: Variabel grovfôrkostnad pr dekar = Variabel grovfôrkostnad pr korrigert dekar [Grovfôr!C52] | F86: ='Grovfôr'!C52
A87: Maskinkostnader pr dekar grovfôr | B87: Lenkje frå anna ark | C87: ='Grovfôr'!C53 | D87: kr | E87: Maskinkostnader pr dekar grovfôr = Maskinkostnader pr dekar grovfôr [Grovfôr!C53] | F87: ='Grovfôr'!C53
A88: Korrigerte dekar pr «kueining» | B88: Lenkje frå anna ark | C88: ='Grovfôr'!C54 | D88: da | E88: Korrigerte dekar pr «kueining» = Korrigerte dekar pr «kueining» [Grovfôr!C54] | F88: ='Grovfôr'!C54
A89: Snitt slaktepris pr kalv (u/distriktstilskot) | B89: Utrekna | C89: =IF((C9)=0,0,(C21-C25)/(C9)) | D89: kr | E89: Snitt slaktepris pr kalv (u/distriktstilskot) = (Slakt [C21] − Herav distriktstilskot kjøt [C25]) ÷ Tal slakta kalvar [C9] | F89: =IF((C9)=0,0,(C21-C25)/(C9))
A90: Snitt kjøpspris pr kalv | B90: Utrekna | C90: =IF((C11)=0,0,(C41)/(C11)) | D90: kr | E90: Snitt kjøpspris pr kalv = Innkjøp dyr [C41] ÷ Tal kjøpte kalvar [C11] | F90: =IF((C11)=0,0,(C41)/(C11))
A91: Slaktepris – kjøpspris pr kalv | B91: Utrekna | C91: =IF((C9)=0,0,(C21)/(C9))-IF((C11)=0,0,(C41)/(C11)) | D91: kr | E91: Slaktepris – kjøpspris pr kalv = Slakt [C21] ÷ Tal slakta kalvar [C9] − Innkjøp dyr [C41] ÷ Tal kjøpte kalvar [C11] | F91: =IF((C9)=0,0,(C21)/(C9))-IF((C11)=0,0,(C41)/(C11))
A92: Oppnådd pris pr kg slakt (u/distriktstilskot) | B92: Utrekna | C92: =IF((C8)=0,0,(C21-C25)/(C8)) | D92: kr | E92: Oppnådd pris pr kg slakt (u/distriktstilskot) = (Slakt [C21] − Herav distriktstilskot kjøt [C25]) ÷ Kg slakt [C8] | F92: =IF((C8)=0,0,(C21-C25)/(C8))
A93: Slaktevekt pr kalv (kg) | B93: Utrekna | C93: =IF((C9)=0,0,(C8)/(C9)) | D93: kg | E93: Slaktevekt pr kalv (kg) = Kg slakt [C8] ÷ Tal slakta kalvar [C9] | F93: =IF((C9)=0,0,(C8)/(C9))
A94: Innandørsmekanisering pr kalv | B94: Utrekna | C94: =IF((C7)=0,0,(C45)/(C7)) | D94: kr | E94: Innandørsmekanisering pr kalv = Innandørsmekanisering fordelt [C45] ÷ Tal produserte kalvar [C7] | F94: =IF((C7)=0,0,(C45)/(C7))
A95: Tapsprosent | B95: Utrekna | C95: =MAX(0,IF((C12+C14+C11)=0,0,((C12+C14+C11)-(C13+C15+C9+C10))/(C12+C14+C11))) | D95: % | E95: Tapsprosent = MAKS(0; ((Ungdyr over 12 md pr 1.1. [C12] + Kalvar under 12 md pr 1.1. [C14] + Tal kjøpte kalvar [C11]) − (Ungdyr over 12 md pr 31.12. [C13] + Kalvar under 12 md pr 31.12. [C15] + Tal slakta kalvar [C9] + Tal selt til liv [C10])) ÷ (Ungdyr over 12 md pr 1.1. [C12] + Kalvar under 12 md pr 1.1. [C14] + Tal kjøpte kalvar [C11])) | F95: =MAX(0,IF((C12+C14+C11)=0,0,((C12+C14+C11)-(C13+C15+C9+C10))/(C12+C14+C11)))

Sheet Ammekyr
A1: Ammekuproduksjon – driftsgrein 6130-6132
A2: Ammeku med kalv (driftsgrein 6130–6132). Eksempeltal frå vedlagt analyse 2025.
A3: Fargekodar: blå tal på gul botn = input (skal fyllast inn) · svart = formel · grøn = lenkje frå anna ark. Alle kronebeløp er positive (inntekt og kostnad).
A5: Post | B5: Kjelde / Tripletex-konto | C5: Verdi | D5: Eining | E5: Formel forklart (korleis outputen blir rekna) | F5: Excel-formel
A6: 1. INPUT – Produksjonsdata (frå produksjonstabell / teljingar)
A7: Tal ammekyr | B7: Produksjonstabell (EnhetAntall) | C7: 16 | D7: stk | E7: Input. Hentast frå: Produksjonstabell (EnhetAntall).
A8: Ammekyr pr 1.1. | B8: 1452.20.521/522 (IB) | C8: 11 | D8: stk | E8: Input. Hentast frå: 1452.20.521/522 (IB).
A9: Ammekyr pr 31.12. | B9: 1452.20.521/522 (UB) | C9: 17 | D9: stk | E9: Input. Hentast frå: 1452.20.521/522 (UB).
A10: Avlsokse pr 1.1. | B10: 1452.20.526 (IB) | C10: 0 | D10: stk | E10: Input. Hentast frå: 1452.20.526 (IB).
A11: Avlsokse pr 31.12. | B11: 1452.20.526 (UB) | C11: 0 | D11: stk | E11: Input. Hentast frå: 1452.20.526 (UB).
A12: Ungdyr over 12 md pr 1.1. | B12: 1451.20.514/516 (IB) | C12: 9 | D12: stk | E12: Input. Hentast frå: 1451.20.514/516 (IB).
A13: Ungdyr over 12 md pr 31.12. | B13: 1451.20.514/516 (UB) | C13: 5 | D13: stk | E13: Input. Hentast frå: 1451.20.514/516 (UB).
A14: Kalvar/ungdyr under 12 md pr 1.1. | B14: 1451.20.515/517 (IB) | C14: 10 | D14: stk | E14: Input. Hentast frå: 1451.20.515/517 (IB).
A15: Kalvar/ungdyr under 12 md pr 31.12. | B15: 1451.20.515/517 (UB) | C15: 12 | D15: stk | E15: Input. Hentast frå: 1451.20.515/517 (UB).
A16: Kg slakt kyr | B16: Mengde 2 på 3042 (.521/.522) | C16: 1123.3 | D16: kg | E16: Input. Hentast frå: Mengde 2 på 3042 (.521/.522).
A17: Tal slakta kyr | B17: Mengde 1 på 3042 (.521/.522) | C17: 3 | D17: stk | E17: Input. Hentast frå: Mengde 1 på 3042 (.521/.522).
A18: Kg slakt totalt | B18: Mengde 2 på 3041/3042 | C18: 1744.4 | D18: kg | E18: Input. Hentast frå: Mengde 2 på 3041/3042.
... A23: Fôrnorm kraftfôr (FEm) | B23: Fôrnorm pr ammeku og år (jf. marginalanalysen). Brukt til arealbehov og fordelingsnøklar | C23: 605 | D23: FEm | E23: Input. Hentast frå: Fôrnorm pr ammeku og år (jf. marginalanalysen). Brukt til arealbehov og fordelingsnøklar.
A24: 2. INPUT – Rekneskapstal (kr) frå saldobalansen etter korrigeringar
A25: Produksjonstilskot fordelt på produksjonen | B25: 34xx (ikkje 344x avløysartilskot) | C25: 287735.22 | D25: kr | E25: Input. Hentast frå: 34xx (ikkje 344x avløysartilskot).
A26: Livdyrsal | B26: 3050-3059 | C26: 142310.5 | D26: kr | E26: Input. Hentast frå: 3050-3059.
A27: Slakt | B27: 3040-3049, 3162, 3172, 3078 | C27: 94047.04 | D27: kr | E27: Input. Hentast frå: 3040-3049, 3162, 3172, 3078.
A28: Buskap, beholdningsendring (+ = auke) | B28: 4690-4698 (forteikn snudd) | C28: 99100 | D28: kr | E28: Input. Hentast frå: 4690-4698 (forteikn snudd).
A29: Andre inntekter | B29: andre 3xxx kopla til produksjonen | C29: 0 | D29: kr | E29: Input. Hentast frå: andre 3xxx kopla til produksjonen.
A30: Herav distriktstilskot kjøt | B30: 3047 Slakt, distriktstilskot (del av slakteinntekta) | C30: 0 | D30: kr | E30: Input. Hentast frå: 3047 Slakt, distriktstilskot (del av slakteinntekta). Er med i beløpet over, brukt berre til prisutrekning.
A31: Variable kostnader – eigen grovfôrproduksjon
A32: Såfrø / grasfrø | B32: 4001 | C32: 5099 | D32: kr | E32: Input. Hentast frå: 4001.
A33: Plantevernmiddel | B33: 4110, 4191 | C33: 2736.62 | D33: kr | E33: Input. Hentast frå: 4110, 4191.
A34: Rundballeplast mm. | B34: 4140, 4194 | C34: 14760 | D34: kr | E34: Input. Hentast frå: 4140, 4194.
A35: Handelsgjødsel | B35: 4050, 4095 | C35: 42759.04 | D35: kr | E35: Input. Hentast frå: 4050, 4095.
A36: Kalk | B36: 4057 | C36: 5691.36 | D36: kr | E36: Input. Hentast frå: 4057.
A37: Konserveringsmiddel | B37: 4080, 4098 | C37: 4969.2 | D37: kr | E37: Input. Hentast frå: 4080, 4098.
A38: Endring anna varelager (variable kostn.) | B38: 4090 | C38: 0 | D38: kr | E38: Input. Hentast frå: 4090.
A39: Endring eigenprodusert grovfôr (+ = nedgang i lager) | B39: 4297 | C39: 19021 | D39: kr | E39: Input. Hentast frå: 4297.
A40: Variable kostnader – anna
A41: Kjøp grovfôr | B41: 4030 | C41: 643.2 | D41: kr | E41: Input. Hentast frå: 4030.
A42: Beiteleige / dyr på beite | B42: 4031 | C42: 0 | D42: kr | E42: Input. Hentast frå: 4031.
A43: Endring innkjøpt grovfôrlager | B43: 4093 | C43: 0 | D43: kr | E43: Input. Hentast frå: 4093.
A44: Kraftfôr mm. | B44: 4020-4029, 4040-4049, 4092, 4094 | C44: 55861.22 | D44: kr | E44: Input. Hentast frå: 4020-4029, 4040-4049, 4092, 4094.
A45: Veterinær, medisin, semin mm. | B45: 4120, 4192, 4520-4529 | C45: 31948.8 | D45: kr | E45: Input. Hentast frå: 4120, 4192, 4520-4529.
A46: Innkjøp dyr | B46: 4600-4689 | C46: 21960 | D46: kr | E46: Input. Hentast frå: 4600-4689.
A47: Andre variable kostnader | B47: 4130-4139, 4193, 4530-4549, 4560-4569 + andre 4xxx | C47: 26689.6 | D47: kr | E47: Input. Hentast frå: 4130-4139, 4193, 4530-4549, 4560-4569 + andre 4xxx.
A48: 3. INPUT – Fordelte faste kostnader (lenka frå arket «Faste kostnader»)
A49: Maskinkostnader fordelt | B49: Lenkje frå anna ark | C49: ='Faste kostnader'!C49 | D49: kr | E49: Maskinkostnader fordelt = Maskinkostnader – Ammekyr [Faste kostnader!C49] | F49: ='Faste kostnader'!C49
A50: Innandørsmekanisering fordelt | B50: Lenkje frå anna ark | C50: ='Faste kostnader'!C80 | D50: kr | E50: Innandørsmekanisering fordelt = Innandørsmekanisering – Ammekyr [Faste kostnader!C80] | F50: ='Faste kostnader'!C80
A51: 4. UTREKNING – Totalt for produksjonen
A52: Produksjonsinntekter i alt | B52: Utrekna | C52: =C26+C27+C28+C29 | D52: kr | E52: Produksjonsinntekter i alt = Livdyrsal [C26] + Slakt [C27] + Buskap, beholdningsendring (+ = auke) [C28] + Andre inntekter [C29] | F52: =C26+C27+C28+C29
A53: Eigen grovfôr – sum variable kostnader | B53: Utrekna | C53: =C32+C33+C34+C35+C36+C37+C38+C39 | D53: kr | E53: Eigen grovfôr – sum variable kostnader = Såfrø / grasfrø [C32] + Plantevernmiddel [C33] + Rundballeplast mm. [C34] + Handelsgjødsel [C35] + Kalk [C36] + Konserveringsmiddel [C37] + Endring anna varelager (variable kostn.) [C38] + Endring eigenprodusert grovfôr (+ = nedgang i lager) [C39] | F53: =C32+C33+C34+C35+C36+C37+C38+C39
A54: Variabel grovfôrkostnad (utan plast og lagerendring eigenprodusert) | B54: Utrekna | C54: =C32+C33+C35+C36+C37+C38 | D54: kr | E54: Variabel grovfôrkostnad (utan plast og lagerendring eigenprodusert) = Såfrø / grasfrø [C32] + Plantevernmiddel [C33] + Handelsgjødsel [C35] + Kalk [C36] + Konserveringsmiddel [C37] + Endring anna varelager (variable kostn.) [C38] (Brukt i «Variabel grovfôrkostnad pr dekar» – same utval som eksempelanalysen) | F54: =C32+C33+C35+C36+C37+C38
A55: Sum eigen grovfôrproduksjon (utan lagerendring) | B55: Utrekna | C55: =C53-C39 | D55: kr | E55: Sum eigen grovfôrproduksjon (utan lagerendring) = Eigen grovfôr – sum variable kostnader [C53] − Endring eigenprodusert grovfôr (+ = nedgang i lager) [C39] (Brukt til å fordele grovfôrarealet mellom produksjonane) | F55: =C53-C39
A56: Grovfôr – kostnad i alt | B56: Utrekna | C56: =C53+C41+C43 | D56: kr | E56: Grovfôr – kostnad i alt = Eigen grovfôr – sum variable kostnader [C53] + Kjøp grovfôr [C41] + Endring innkjøpt grovfôrlager [C43] | F56: =C53+C41+C43
